ID CAE,OK DE GF,Matricula Antigua,Contrato,Acta de Entrega,Acta Devolución,BAJA,Ficha Técnica,Permiso de Circulación,IVTM,Compañía/Proveedor,Cod.Tipo Contrato,Tipo Contrato,Situación Contrato,f Vig Inicio,F.Vig.Final,Tiempo Prop,Año,Cod.Sit.Contrato,Combustible,Marca,Modelo/Versión,Cod.Sociedad,Sociedad,Ceco.Imput,Columna1,Localidad,Provincia,Com. Aut.,Dirección,Huso,Coord.,Referencia Catastral,Descripción de la actuación,Matricula nueva,Marca2,Modelo/Versión3,Combustible4,Ceco,Renov. Flota,Fecha Alta,Columna3,Cod.Sociedad5,Pedido,Sociedad6,Ceco imputado,Factura,Comunidad Autonoma2,CHASIS/Bastidor,CVA,F,CVN,L,Ahorro estimado,Columna2,CALCULO GF,Vacias
,,3299KTP,,,,,,,,ARVAL SERV,1,RENTING,DEVUELTO,43518,2023-02-22,1903-12-31,1905-07-15,7,DIESEL,VOLVO,XC40 2.0 D3 AWD MOMENTUM,8001,FUCSA,DEFINIR,1,,,,,,,,,,,,,,,,,,,,,,,,,,,53508,,,,FALSO ALQUILER
,,4215KVS,,,,,,,,AYVENS,4,PRE-ENTREGA,DEVUELTO,44159,2023-04-21,1902-05-27,1905-07-15,7,DIESEL,RENAULT,KANGOO,1201,SASTESA,352094,1,,,,,,,,,,,,,,,,,,,,,,,,,,,53508,,,,FALSO ALQUILER
,,B36750049,,,,,,,,CEDIDO,6,"CEDIDO (por ayto, planta.",CANCELADO,43879,2023-05-16,1903-03-28,1905-07-15,4,DIESEL,BOBCAT,MANIPULADORA TELESCOPICA,1326,UTE EDAR TABLADA,721326,1,,,,,,,,,,,,,,,,,,,,,,,,,,,53508,,,,FALSO ALQUILER
,,5554FNN,,,,,,,,PROPIEDAD,5,PROPIEDAD,CANCELADO,40274,2023-06-02,1913-02-25,1905-07-15,4,DIESEL,OPEL,VIVARO 2.0 CDTI 114 CV,1069,JEMAR E HIJOS S.L.,DEFINIR,1,,,,,,,,,,,,,,,,,,,,,,,,,,,53508,,,,FALSO PROPIEDAD
CAE500001,CAE500001,9853KXP,X,X,X,,X,X,,AYVENS,3,ALQUILER,DEVUELTO,2023-12-26,2024-01-31,36,2024,7,DIESEL,PEUGEOT,208,1021,MEDICION AVANZADA CONTAD.,357712,1,Valencia,Valencia,Comunidad Valenciana,Gran Vía Marques del Turia 19,UTM 30 ETRS89,726043.16  4371771.79,6019215YJ2761G0001XI,Sustitución de vehículo de combustión por eléctrico,0696MWT,RENAULT,KANGOO VAN E-TECH ELECTRIC,ELECTRICO,357107,2024,2024-11-29,0,1021,4500426762,MEDICION AVANZADA CONTAD.,,X,COMUNIDAD VALENCIANA,VF1RFK00273824834,5.1,10,17.3,13073,4405.601000000001,M1,7136.433042999999,CORRECTO ALQUILER
CAE500002,CAE500002,3483KWB,X,X,X,,X,X,,AYVENS,3,ALQUILER,DEVUELTO,2023-12-22,2024-04-11,111,2024,7,DIESEL,PEUGEOT,208,1021,MEDICION AVANZADA CONTAD.,357712,2,Valencia,Valencia,Comunidad Valenciana,Gran Vía Marques del Turia 19,UTM 30 ETRS89,726043.16  4371771.79,6019215YJ2761G0001XI,Sustitución de vehículo de combustión por eléctrico,0699MWT,RENAULT,KANGOO VAN E-TECH ELECTRIC,ELECTRICO,357107,2024,2024-11-29,0,1021,4500426781,MEDICION AVANZADA CONTAD.,,X,COMUNIDAD VALENCIANA,VF1RFK00473824835,5.1,10,17.3,13073,4405.601000000001,M1,6795.3454,CORRECTO ALQUILER
CAE500003,CAE500003,0041LWY,X,,X,,X,X,,AYVENS,3,ALQUILER,DEVUELTO,2023-10-03,2023-11-29,57,2023,7,DIESEL,PEUGEOT,208 100 CV,1505,"CIA.GRAL.AIGÜES D CATALUNYA,SA",355589,1,Barcelona,Barcelona,Cataluña,Aribau 112,UTM 31 ETRS89,429520.47  4582478.80,9626426DF2892F0001ZO,Sustitución de vehículo de combustión por eléctrico,1255MJM,PEUGEOT,E-EXPERT PRO 100 KW,ELECTRICO,725455,2023,2023-07-26,0,1505,4500370218,CGAC,,X,CATALUÑA,VF3V1ZKXZPZ005196,5.1,10,28.2,13073,2980.6440000000002,M1,6795.3454,CORRECTO ALQUILER
CAE500004,CAE500004,5713LWX,X,X,X,,X,X,,AYVENS,3,ALQUILER,DEVUELTO,2023-10-03,2023-12-01,59,2023,7,DIESEL,PEUGEOT,208 100 CV,1505,"CIA.GRAL.AIGÜES D CATALUNYA,SA",355589,2,Barcelona,Barcelona,Cataluña,Aribau 112,UTM 31 ETRS89,429520.47  4582478.80,9626426DF2892F0001ZO,Sustitución de vehículo de combustión por eléctrico,2120MFK,RENAULT,KANGOO VAN E-TECH,ELECTRICO,725465,2023,2023-03-09,0,1505,4500351521,CGAC,,X,CATALUÑA,VF1RFK00970687019,5.1,10,17.3,13073,4405.601000000001,M1,6795.3454,CORRECTO ALQUILER
CAE500005,CAE500005,5056LWD,X,,X,,X,X,,AYVENS,3,ALQUILER,DEVUELTO,2024-04-15,2024-05-02,17,2024,7,DIESEL,PEUGEOT,208 100 CV,1001,AGUAS DE VALENCIA SA,201347,1,Valencia,Valencia,Comunidad Valenciana,Gran Vía Marques del Turia 19,UTM 30 ETRS89,726043.16  4371771.79,6019215YJ2761G0001XI,Sustitución de vehículo de combustión por eléctrico,2788MXG,RENAULT,KANGOO VAN E-TECH ELECTRIC,ELECTRICO,201420,2024,2024-12-19,0,1001,4500426876,AVSA,,X,COMUNIDAD VALENCIANA,VF1RFK00273934296,5.1,10,17.3,13073,4405.601000000001,M1,6795.3454,CORRECTO ALQUILER
CAE500006,CAE500006,0370LXS,X,,X,,X,X,,TLM,3,ALQUILER,DEVUELTO,2024-06-04,2024-12-31,210,2024,7,DIESEL,PEUGEOT,BOXER L2 H2 140 CV,1066,CANALIZ. CIVILES S.A.,10669101,1,Valencia,Valencia,Comunidad Valenciana,Llanterners 3,UTM 30 ETRS89,723014.22  4371274.90,3114104YJ2731C0001SY,Sustitución de vehículo de combustión por eléctrico,8651MWT,RENAULT,KANGOO VAN E-TECH ELECTRIC,ELECTRICO,10669120,2024,2024-11-29,0,1066,4500426872,CANALIZ. CIVILES S.A.,,X,COMUNIDAD VALENCIANA,VF1RFK00073824833,5.6,10,17.3,15815,6120.405,N1,5607.998999999999,CORRECTO ALQUILER
CAE500007,CAE500007,1865LDL,X,X,X,,X,X,,AYVENS,3,ALQUILER,DEVUELTO,2023-12-22,2024-01-30,39,2024,7,DIESEL,CITROEN,C3,1021,MEDICION AVANZADA CONTAD.,357712,3,Valencia,Valencia,Comunidad Valenciana,Gran Vía Marques del Turia 19,UTM 30 ETRS89,726043.16  4371771.79,6019215YJ2761G0001XI,Sustitución de vehículo de combustión por eléctrico,0695MWT,RENAULT,KANGOO VAN E-TECH ELECTRIC,ELECTRICO,357706,2024,2024-11-29,0,1021,4500426841,MEDICION AVANZADA CONTAD.,,X,COMUNIDAD VALENCIANA,VF1RFK00773824845,5.1,10,17.3,13073,4405.601000000001,M1,6795.3454,CORRECTO ALQUILER
CAE500008,CAE500008,4295MRH,X,,X,,X,X,,AYVENS,3,ALQUILER,DEVUELTO,2024-06-08,2024-09-30,114,2024,7,DIESEL,CITROEN,C3 100 CV,1001,AGUAS DE VALENCIA SA,101353,2,Valencia,Valencia,Comunidad Valenciana,Gran Vía Marques del Turia 19,UTM 30 ETRS89,726043.16  4371771.79,6019215YJ2761G0001XI,Sustitución de vehículo de combustión por eléctrico,6015MWV,CITROEN,Ë-C3 ELÉCTRICO MAX,ELECTRICO,200567,2024,2024-11-26,0,1001,4500424209,AVSA,,X,COMUNIDAD VALENCIANA,VR7CBZYAXRT152191,5.1,10,16.4,13073,4523.258000000001,M1,6795.3454,CORRECTO ALQUILER
CAE500009,,0962LBT,,,,,,,,WASTERENT,3,ALQUILER,DEVUELTO,44756,2023-08-31,413,1905-07-15,7,DIESEL,IVECO,EUROCARGO 180,1006,ARAGONESA SER.PUBLICOS SL,730629,1,,,,,,,,,,,,,,,,,,,,,,,,,,,53508,,,,FALSO ALQUILER
CAE500010,CAE500010,8213KFW,X,,,X,X,X,,PROPIEDAD,5,PROPIEDAD,CANCELADO POR SINIESTRO,2017-12-04,2023-02-17,1901,2023,6,GASOLINA,KYMCO,AGILITY CITY 125 CC,1021,MEDICION AVANZADA CONTAD.,357108,4,Valencia,Valencia,Comunidad Valenciana,Gran Vía Marques del Turia 19,UTM 30 ETRS89,726043.16  4371771.79,6019215YJ2761G0001XI,Sustitución de vehículo de combustión por eléctrico,0692MWT,RENAULT,KANGOO VAN E-TECH ELECTRIC,ELECTRICO,357706,2024,2024-11-29,1,1021,4500426794,MEDICION AVANZADA CONTAD.,,X,COMUNIDAD VALENCIANA,VF1RFK00173824842,2.9,9.19,17.3,2831,264.7268099999999,L3e,617.4694099999999,CORRECTO PROPIEDAD
CAE500011,CAE500011,0909HZB,X,,,X,X,X,,PROPIEDAD,5,PROPIEDAD,CANCELADO,2016-09-28,2024-09-26,2920,2024,4,GASOLINA,KYMCO,AGILITY CITY 125 CC,1021,MEDICION AVANZADA CONTAD.,357108,5,Valencia,Valencia,Comunidad Valenciana,Gran Vía Marques del Turia 19,UTM 30 ETRS89,726043.16  4371771.79,6019215YJ2761G0001XI,Sustitución de vehículo de combustión por eléctrico,0773MXH,RENAULT,KANGOO VAN E-TECH ELECTRIC,ELECTRICO,357708,2024,2024-12-20,0,1021,4500426849,MEDICION AVANZADA CONTAD.,,X,COMUNIDAD VALENCIANA,VF1RFK00473824852,2.9,9.19,17.3,2831,264.7268099999999,L3e,617.4694099999999,CORRECTO PROPIEDAD
CAE500012,CAE500012,1987HGR,X,,,X,X,X,,PROPIEDAD,5,PROPIEDAD,CANCELADO,2011-10-14,2024-09-26,4731,2024,4,GASOLINA,KYMCO,AGILITY CITY 125 CC,1021,MEDICION AVANZADA CONTAD.,357108,6,Valencia,Valencia,Comunidad Valenciana,Gran Vía Marques del Turia 19,UTM 30 ETRS89,726043.16  4371771.79,6019215YJ2761G0001XI,Sustitución de vehículo de combustión por eléctrico,0823MXH,RENAULT,KANGOO VAN E-TECH ELECTRIC,ELECTRICO,357752,2024,2024-12-20,0,1021,4500426870,MEDICION AVANZADA CONTAD.,,X,COMUNIDAD VALENCIANA,VF1RFK00873824854,2.9,9.19,17.3,2831,264.7268099999999,L3e,617.4694099999999,CORRECTO PROPIEDAD
CAE500013,CAE500013,8449HKF,,,,X,X,X,X,PROPIEDAD,5,PROPIEDAD,CANCELADO,2012-04-18,2024-09-26,4544,2024,4,GASOLINA,KYMCO,AGILITY CITY 125 CC,1021,MEDICION AVANZADA CONTAD.,357108,7,Valencia,Valencia,Comunidad Valenciana,Gran Vía Marques del Turia 19,UTM 30 ETRS89,726043.16  4371771.79,6019215YJ2761G0001XI,Sustitución de vehículo de combustión por eléctrico,0971MXH,RENAULT,KANGOO VAN E-TECH ELECTRIC,ELECTRICO,357708,2024,2024-12-20,0,1021,4500426847,MEDICION AVANZADA CONTAD.,,X,COMUNIDAD VALENCIANA,VF1RFK00073824847,2.9,9.19,17.3,2831,264.7268099999999,L3e,617.4694099999999,CORRECTO PROPIEDAD
CAE500014,CAE500014,4579KCW,X,,,X,X,X,,PROPIEDAD,5,PROPIEDAD,CANCELADO,2017-09-05,2024-11-08,2621,2024,4,GASOLINA,KYMCO,AGILITY CITY 125 CC,1053,"IMPL.SISTEMAS DE GESTION, S.L.",355521,1,Valencia,Valencia,Comunidad Valenciana,Gran Vía Marques del Turia 19,UTM 30 ETRS89,726043.16  4371771.79,6019215YJ2761G0001XI,Sustitución de vehículo de combustión por eléctrico,8349MXG,RENAULT,KANGOO VAN E-TECH ELECTRIC,ELECTRICO,355528,2024,2024-12-20,0,1053,4500426779,ISG,,X,COMUNIDAD VALENCIANA,VF1RFK00373934291,2.9,9.19,17.3,2831,264.7268099999999,L3e,617.4694099999999,CORRECTO PROPIEDAD
CAE500015,CAE500015,1485LSB,X,X,X,,X,X,,AYVENS,1,RENTING,DEVUELTO,44414,2025-08-06,1461,2025,7,HÍBRIDO,RENAULT,ARKANA TCE 140 CV,1200,EMIVASA,12009006,1,Valencia,Valencia,Comunidad Valenciana,Pedrapiquers 4,UTM 30 ETRS89,723006.99  4370803.79,3110819YJ2730G0001DW,Sustitución de vehículo de combustión por eléctrico,3143MWZ,CITROEN,Ë-C3 ELÉCTRICO MAX,ELECTRICO,100011,2024,2024-12-12,-1,1200,4500424885,EMIVASA,,X,COMUNIDAD VALENCIANA,VR7CBZYA5RT154432,5.1,9.19,16.4,13073,3983.2123699999993,M1,3826.5520745,CORRECTO ALQUILER
CAE500016,CAE500016,3931LLT,X,,X,,X,,,AYVENS,1,RENTING,DEVUELTO,44224,2025-01-28,1461,2025,7,GASOLINA,SEAT,ARONA 1.0 TSI 115 CV,1203,"E.Mixta Metropolitana, SA",12039060,1,Valencia,Valencia,Comunidad Valenciana,Pedrapiquers 4,UTM 30 ETRS89,723006.99  4370803.79,3110819YJ2730G0001DW,Sustitución de vehículo de combustión por eléctrico,6082MWV,CITROEN,Ë-C3 ELÉCTRICO MAX,ELECTRICO,12039060,2024,2024-11-29,-1,1203,4500424805,"E.Mixta Metropolitana, SA",,X,COMUNIDAD VALENCIANA,VR7CBZYA7RT153038,5.1,9.19,16.4,13073,3983.2123699999993,M1,7136.433042999999,CORRECTO ALQUILER
CAE500017,CAE500017,5829LLX,X,,X,,X,X,,AYVENS,1,RENTING,DEVUELTO,44215,2025-01-19,1461,2025,7,GASOLINA,SEAT,ARONA 1.0 TSI 115 CV,1001,AGUAS DE VALENCIA SA,200590,3,Valencia,Valencia,Comunidad Valenciana,Gran Vía Marques del Turia 19,UTM 30 ETRS89,726043.16  4371771.79,6019215YJ2761G0001XI,Sustitución de vehículo de combustión por eléctrico,9050MWN,CITROEN,Ë-C3 ELÉCTRICO MAX,ELECTRICO,200541,2024,2024-11-26,-1,1001,4500424807,AVSA,,X,COMUNIDAD VALENCIANA,VR7CBZYA1RT152189,5.1,9.19,16.4,13073,3983.2123699999993,M1,7136.433042999999,CORRECTO ALQUILER
CAE500018,CAE500018,3904LLT,X,,X,,X,X,,AYVENS,1,RENTING,DEVUELTO,44224,2025-02-01,1465,2025,7,GASOLINA,SEAT,ARONA 1.0 TSI 115 CV,1200,EMIVASA,12009060,2,Valencia,Valencia,Comunidad Valenciana,Pedrapiquers 4,UTM 30 ETRS89,723006.99  4370803.79,3110819YJ2730G0001DW,Sustitución de vehículo de combustión por eléctrico,3133MWZ,CITROEN,Ë-C3 ELÉCTRICO MAX,ELECTRICO,200020,2024,2024-12-12,-1,1200,4500424896,EMIVASA,,X,COMUNIDAD VALENCIANA,VR7CBZYA2RT154436,5.1,9.19,16.4,13073,3983.2123699999993,M1,7136.433042999999,CORRECTO ALQUILER
CAE500019,CAE500019,9417LKC,X,,X,,X,,,AYVENS,1,RENTING,DEVUELTO,44133,2024-10-29,1461,2024,7,DIESEL,SEAT,ARONA 1.6 TDI 95 CV,1200,EMIVASA,12009060,3,Valencia,Valencia,Comunidad Valenciana,Pedrapiquers 4,UTM 30 ETRS89,723006.99  4370803.79,3110819YJ2730G0001DW,Sustitución de vehículo de combustión por eléctrico,3105MWZ,CITROEN,Ë-C3 ELÉCTRICO MAX,ELECTRICO,200020,2024,2024-12-12,0,1200,4500424877,EMIVASA,,X,COMUNIDAD VALENCIANA,VR7CBZYA3RT153022,5.1,10,16.4,13073,4523.258000000001,M1,6795.3454,CORRECTO ALQUILER
CAE500020,CAE500020,9418LKC,X,,X,,X,X,,AYVENS,1,RENTING,DEVUELTO,44133,2024-10-29,1461,2024,7,DIESEL,SEAT,ARONA 1.6 TDI 95 CV,1001,AGUAS DE VALENCIA SA,101702,4,Valencia,Valencia,Comunidad Valenciana,Gran Vía Marques del Turia 19,UTM 30 ETRS89,726043.16  4371771.79,6019215YJ2761G0001XI,Sustitución de vehículo de combustión por eléctrico,6028MWV,CITROEN,Ë-C3 ELÉCTRICO MAX,ELECTRICO,200590,2024,2024-11-26,0,1001,4500424796,AVSA,,X,COMUNIDAD VALENCIANA,VR7CBZYA2RT152184,5.1,10,16.4,13073,4523.258000000001,M1,6795.3454,CORRECTO ALQUILER
CAE500021,,0986LVB,,,,,,,,PROPIEDAD,5,PROPIEDAD,CANCELADO,44537,2023-11-15,708,1905-07-15,4,DIESEL,VOLVO,FM 500 4 EJES,1069,JEMAR E HIJOS S.L.,DEFINIR,2,,,,,,,,,,,,,,,,,,,,,,,,,,,53508,,,,FALSO PROPIEDAD
CAE500022,,1469CWR,,,,,,,,PROPIEDAD,5,PROPIEDAD,CANCELADO,38111,2023-11-15,7134,1905-07-15,4,DIESEL,RENAULT,PREMIUM 440,1069,JEMAR E HIJOS S.L.,DEFINIR,3,,,,,,,,,,,,,,,,,,,,,,,,,,,53508,,,,FALSO PROPIEDAD
CAE500023,,1473CWR,,,,,,,,PROPIEDAD,5,PROPIEDAD,CANCELADO,38139,2023-11-15,7106,1905-07-15,4,DIESEL,RENAULT,MAGNUM 480 18 T,1069,JEMAR E HIJOS S.L.,DEFINIR,4,,,,,,,,,,,,,,,,,,,,,,,,,,,53508,,,,FALSO PROPIEDAD
CAE500024,,1601JCF,,,,,,,,PROPIEDAD,5,PROPIEDAD,CANCELADO,44110,2023-11-15,1135,1905-07-15,4,DIESEL,IVECO,460,1069,JEMAR E HIJOS S.L.,DEFINIR,5,,,,,,,,,,,,,,,,,,,,,,,,,,,53508,,,,FALSO PROPIEDAD
CAE500025,,4006CVG,,,,,,,,PROPIEDAD,5,PROPIEDAD,CANCELADO,42152,2023-11-15,3093,1905-07-15,4,DIESEL,VOLVO,FH 12 D 460,1069,JEMAR E HIJOS S.L.,DEFINIR,6,,,,,,,,,,,,,,,,,,,,,,,,,,,53508,,,,FALSO PROPIEDAD
CAE500026,,5106JCS,,,,,,,,PROPIEDAD,5,PROPIEDAD,CANCELADO,44000,2023-11-15,1245,1905-07-15,4,DIESEL,VOLVO,FM 11450,1069,JEMAR E HIJOS S.L.,DEFINIR,7,,,,,,,,,,,,,,,,,,,,,,,,,,,53508,,,,FALSO PROPIEDAD
CAE500027,,6112LXB,,,,,,,,ARVAL SERV,1,RENTING,CANCELADO,44650,2023-11-15,595,1905-07-15,4,DIESEL,VOLVO,XC 90 B5 D 235 CV,1069,JEMAR E HIJOS S.L.,DEFINIR,8,,,,,,,,,,,,,,,,,,,,,,,,,,,53508,,,,FALSO ALQUILER
CAE500028,,7275KFD,,,,,,,,PROPIEDAD,5,PROPIEDAD,CANCELADO,44516,2023-11-15,729,1905-07-15,4,DIESEL,IVECO,460,1069,JEMAR E HIJOS S.L.,DEFINIR,9,,,,,,,,,,,,,,,,,,,,,,,,,,,53508,,,,FALSO PROPIEDAD
CAE500029,,8343CKG,,,,,,,,PROPIEDAD,5,PROPIEDAD,CANCELADO,37811,2023-11-15,7434,1905-07-15,4,DIESEL,VOLVO,FM 12380- 3 EJES,1069,JEMAR E HIJOS S.L.,DEFINIR,10,,,,,,,,,,,,,,,,,,,,,,,,,,,53508,,,,FALSO PROPIEDAD
CAE500030,CAE500030,9428LKC,X,,,,x,x,,AYVENS,1,RENTING,CANCELADO POR SINIESTRO,44133,2024-10-29,1461,2024,6,DIESEL,SEAT,ARONA 1.6 TDI 95 CV,1001,AGUAS DE VALENCIA SA,200750,5,Valencia,Valencia,Comunidad Valenciana,Gran Vía Marques del Turia 19,UTM 30 ETRS89,726043.16  4371771.79,6019215YJ2761G0001XI,Sustitución de vehículo de combustión por eléctrico,6029MWV,CITROEN,Ë-C3 ELÉCTRICO MAX,ELECTRICO,200714,2024,2024-11-29,0,1001,4500424793,AVSA,,X,COMUNIDAD VALENCIANA,VR7CBZYA7RT152178,5.1,10,16.4,13073,4523.258000000001,M1,6795.3454,FALSO ALQUILER
CAE500031,,9438LGT,,,,,,,,PROPIEDAD,5,PROPIEDAD,CANCELADO,43994,2023-11-15,1251,1905-07-15,4,DIESEL,RENAULT,T 480,1069,JEMAR E HIJOS S.L.,DEFINIR,11,,,,,,,,,,,,,,,,,,,,,,,,,,,53508,,,,FALSO PROPIEDAD
CAE500032,,E1476BDM,,,,,,,,PROPIEDAD,5,PROPIEDAD,CANCELADO,42830,2023-11-15,2415,1905-07-15,4,DIESEL,JOHN DEERE,TRACTOR AGRICOLA,1069,JEMAR E HIJOS S.L.,DEFINIR,12,,,,,,,,,,,,,,,,,,,,,,,,,,,53508,,,,FALSO PROPIEDAD
CAE500033,,R0732BDB,,,,,,,,PROPIEDAD,5,PROPIEDAD,CANCELADO,43304,2023-11-15,1941,1905-07-15,4,DIESEL,LEGRAS,SBS2220,1069,JEMAR E HIJOS S.L.,DEFINIR,13,,,,,,,,,,,,,,,,,,,,,,,,,,,53508,,,,FALSO PROPIEDAD
CAE500034,,R1645BBR,,,,,,,,PROPIEDAD,5,PROPIEDAD,CANCELADO,38134,2023-11-15,7111,1905-07-15,4,DIESEL,LECITRAILER,3E20,1069,JEMAR E HIJOS S.L.,DEFINIR,14,,,,,,,,,,,,,,,,,,,,,,,,,,,53508,,,,FALSO PROPIEDAD
CAE500035,,R4952BBT,,,,,,,,PROPIEDAD,5,PROPIEDAD,CANCELADO,44064,2023-11-15,1181,1905-07-15,4,DIESEL,TISVOL,950190LAL,1069,JEMAR E HIJOS S.L.,DEFINIR,15,,,,,,,,,,,,,,,,,,,,,,,,,,,53508,,,,FALSO PROPIEDAD
CAE500036,,R4991BCP,,,,,,,,PROPIEDAD,5,PROPIEDAD,CANCELADO,44393,2023-11-15,852,1905-07-15,4,DIESEL,GRANALU,PM 136,1069,JEMAR E HIJOS S.L.,DEFINIR,16,,,,,,,,,,,,,,,,,,,,,,,,,,,53508,,,,FALSO PROPIEDAD
CAE500037,,R7781BCD,,,,,,,,PROPIEDAD,5,PROPIEDAD,CANCELADO,38721,2023-11-15,6524,1905-07-15,4,DIESEL,GRANALU,H 1700,1069,JEMAR E HIJOS S.L.,DEFINIR,17,,,,,,,,,,,,,,,,,,,,,,,,,,,53508,,,,FALSO PROPIEDAD
CAE500038,,R9871BBD,,,,,,,,PROPIEDAD,5,PROPIEDAD,CANCELADO,36830,2023-11-15,8415,1905-07-15,4,DIESEL,TISVOL,A 960170 EAL,1069,JEMAR E HIJOS S.L.,DEFINIR,18,,,,,,,,,,,,,,,,,,,,,,,,,,,53508,,,,FALSO PROPIEDAD
CAE500039,,V1409HD,,,,,,,,PROPIEDAD,5,PROPIEDAD,CANCELADO,32874,2023-11-15,12371,1905-07-15,4,DIESEL,MERCEDES,SK2538 3 EJES,1069,JEMAR E HIJOS S.L.,DEFINIR,19,,,,,,,,,,,,,,,,,,,,,,,,,,,53508,,,,FALSO PROPIEDAD
CAE500040,,V15847R,,,,,,,,PROPIEDAD,5,PROPIEDAD,CANCELADO,35720,2023-11-15,9525,1905-07-15,4,DIESEL,TISVOL,1010170 EAL BASCULANTE,1069,JEMAR E HIJOS S.L.,DEFINIR,20,,,,,,,,,,,,,,,,,,,,,,,,,,,53508,,,,FALSO PROPIEDAD
CAE500041,,V96122VE,,,,,,,,PROPIEDAD,5,PROPIEDAD,CANCELADO,36209,2023-11-15,9036,1905-07-15,4,DIESEL,CASE,PALA CARGADORA,1069,JEMAR E HIJOS S.L.,DEFINIR,21,,,,,,,,,,,,,,,,,,,,,,,,,,,53508,,,,FALSO PROPIEDAD
CAE500042,,9752BFB,,,,,,,,CEDIDO,6,"CEDIDO (por ayto, planta.",CANCELADO,36891,2023-11-17,8356,1905-07-15,4,GASOLINA,IVECO,CAMION RSU,1006,ARAGONESA SER.PUBLICOS SL,730629,2,,,,,,,,,,,,,,,,,,,,,,,,,,,53508,,,,FALSO ALQUILER
CAE500043,,0722KVP,,,,,,,,AYVENS,1,RENTING,DEVUELTO,43563,2023-04-08,1461,1905-07-15,7,DIESEL,OPEL,ASTRA 1.6 CDTI 110 CV,1400,EGEVASA,208379,1,,,,,,,,,,,,,,,,,,,,,,,,,,,53508,,,,FALSO ALQUILER
CAE500044,CAE500044,9431LKC,X,,X,,X,X,,AYVENS,1,RENTING,DEVUELTO,44133,2024-10-29,1461,2024,7,DIESEL,SEAT,ARONA 1.6 TDI 95 CV,1001,AGUAS DE VALENCIA SA,200300,6,Valencia,Valencia,Comunidad Valenciana,Gran Vía Marques del Turia 19,UTM 30 ETRS89,726043.16  4371771.79,6019215YJ2761G0001XI,Sustitución de vehículo de combustión por eléctrico,6042MWV,CITROEN,Ë-C3 ELÉCTRICO MAX,ELECTRICO,201510,2024,2024-11-29,0,1001,4500424791,AVSA,,X,COMUNIDAD VALENCIANA,VR7CBZYA0RT152183,5.1,10,16.4,13073,4523.258000000001,M1,6795.3454,CORRECTO ALQUILER
CAE500045,CAE500045,9494LKC,X,,X,,X,X,,AYVENS,1,RENTING,DEVUELTO,44133,2024-10-29,1461,2024,7,DIESEL,SEAT,ARONA 1.6 TDI 95 CV,1001,AGUAS DE VALENCIA SA,200542,7,Valencia,Valencia,Comunidad Valenciana,Gran Vía Marques del Turia 19,UTM 30 ETRS89,726043.16  4371771.79,6019215YJ2761G0001XI,Sustitución de vehículo de combustión por eléctrico,6046MWV,CITROEN,Ë-C3 ELÉCTRICO MAX,ELECTRICO,200560,2024,2024-11-29,0,1001,4500424792,AVSA,,X,COMUNIDAD VALENCIANA,VR7CBZYA9RT152182,5.1,10,16.4,13073,4523.258000000001,M1,6795.3454,CORRECTO ALQUILER
CAE500046,CAE500046,0818LKK,X,,X,,X,X,,AYVENS,1,RENTING,DEVUELTO,44134,2024-10-30,1461,2024,7,DIESEL,SEAT,ARONA 1.6 TDI 95 CV,1021,MEDICION AVANZADA CONTAD.,357108,8,Valencia,Valencia,Comunidad Valenciana,Gran Vía Marques del Turia 19,UTM 30 ETRS89,726043.16  4371771.79,6019215YJ2761G0001XI,Sustitución de vehículo de combustión por eléctrico,6492MWV,CITROEN,Ë-C3 ELÉCTRICO MAX,ELECTRICO,357108,2024,2024-11-29,0,1021,4500424794,MEDICION AVANZADA CONTAD.,,X,COMUNIDAD VALENCIANA,VR7CBZYA5RT154429,5.1,10,16.4,13073,4523.258000000001,M1,6795.3454,CORRECTO ALQUILER
CAE500047,CAE500047,4170LKY,X,,X,,X,X,,AYVENS,1,RENTING,DEVUELTO,44166,2024-12-01,1461,2024,7,DIESEL,SEAT,ARONA 1.6 TDI 95 CV,1200,EMIVASA,12009060,4,Valencia,Valencia,Comunidad Valenciana,Pedrapiquers 4,UTM 30 ETRS89,723006.99  4370803.79,3110819YJ2730G0001DW,Sustitución de vehículo de combustión por eléctrico,3121MWZ,CITROEN,Ë-C3 ELÉCTRICO MAX,ELECTRICO,100041,2024,2024-12-12,0,1200,4500424898,EMIVASA,,X,COMUNIDAD VALENCIANA,VR7CBZYA1RT153035,5.1,10,16.4,13073,4523.258000000001,M1,6795.3454,CORRECTO ALQUILER
CAE500048,,1541LDT,,,,,,,,WASTERENT,3,ALQUILER,DEVUELTO,44664,2023-11-30,596,1905-07-15,7,DIESEL,MERCEDES,RSU,1006,ARAGONESA SER.PUBLICOS SL,733615,3,,,,,,,,,,,,,,,,,,,,,,,,,,,53508,,,,FALSO ALQUILER
CAE500049,,6426GPD,,,,,,,,PROPIEDAD,5,PROPIEDAD,CANCELADO,40038,2023-06-13,5052,1905-07-15,4,DIESEL,MERCEDES,RSU,1006,ARAGONESA SER.PUBLICOS SL,730629,4,,,,,,,,,,,,,,,,,,,,,,,,,,,53508,,,,FALSO PROPIEDAD
CAE500050,CAE500050,8030LKY,X,,X,,X,X,,AYVENS,1,RENTING,DEVUELTO,44166,2024-12-01,1461,2024,7,DIESEL,SEAT,ARONA 1.6 TDI 95 CV,1021,MEDICION AVANZADA CONTAD.,357107,9,Valencia,Valencia,Comunidad Valenciana,Gran Vía Marques del Turia 19,UTM 30 ETRS89,726043.16  4371771.79,6019215YJ2761G0001XI,Sustitución de vehículo de combustión por eléctrico,6493MWV,CITROEN,Ë-C3 ELÉCTRICO MAX,ELECTRICO,357107,2024,2024-11-29,0,1021,4500424809,MEDICION AVANZADA CONTAD.,,X,COMUNIDAD VALENCIANA,VR7CBZYA2RT152198,5.1,10,16.4,13073,4523.258000000001,M1,6795.3454,CORRECTO ALQUILER
CAE500051,CAE500051,8066LKY,X,,X,,X,X,,AYVENS,1,RENTING,DEVUELTO,44166,2024-12-01,1461,2024,7,DIESEL,SEAT,ARONA 1.6 TDI 95 CV,1200,EMIVASA,12009060,5,Valencia,Valencia,Comunidad Valenciana,Pedrapiquers 4,UTM 30 ETRS89,723006.99  4370803.79,3110819YJ2730G0001DW,Sustitución de vehículo de combustión por eléctrico,3122MWZ,CITROEN,Ë-C3 ELÉCTRICO MAX,ELECTRICO,200028,2024,2024-12-12,0,1200,4500424889,EMIVASA,,X,COMUNIDAD VALENCIANA,VR7CBZYA7RT154433,5.1,10,16.4,13073,4523.258000000001,M1,6795.3454,CORRECTO ALQUILER
CAE500052,,2933GFR,,,,,,,,PROPIEDAD,5,PROPIEDAD,CANCELADO,41393,2023-07-17,3731,1905-07-15,4,DIESEL,SCANIA,R 420 L4X2MNA,1006,ARAGONESA SER.PUBLICOS SL,730629,5,,,,,,,,,,,,,,,,,,,,,,,,,,,53508,,,,FALSO PROPIEDAD
CAE500053,,3264KSC,,,,,,,,PROPIEDAD,5,PROPIEDAD,CANCELADO,43439,2023-07-17,1685,1905-07-15,4,DIESEL,MERCEDES,RSU,1006,ARAGONESA SER.PUBLICOS SL,733618,6,,,,,,,,,,,,,,,,,,,,,,,,,,,53508,,,,FALSO PROPIEDAD
CAE500054,CAE500054,0269LLK,X,,X,,X,X,,AYVENS,1,RENTING,DEVUELTO,44179,2024-12-14,1461,2024,7,DIESEL,SEAT,ARONA 1.6 TDI 95 CV,1001,AGUAS DE VALENCIA SA,201701,8,Valencia,Valencia,Comunidad Valenciana,Gran Vía Marques del Turia 19,UTM 30 ETRS89,726043.16  4371771.79,6019215YJ2761G0001XI,Sustitución de vehículo de combustión por eléctrico,6094MWV,CITROEN,Ë-C3 ELÉCTRICO MAX,ELECTRICO,200317,2024,2024-11-29,0,1001,4500426700,AVSA,,X,COMUNIDAD VALENCIANA,VR7CBZYA4ST000168,5.1,10,16.4,13073,4523.258000000001,M1,6795.3454,CORRECTO ALQUILER
CAE500055,CAE500055,9413LKC,X,,X,,X,X,,AYVENS,1,RENTING,DEVUELTO,44153,2024-11-18,1461,2024,7,DIESEL,SEAT,ARONA 1.6 TDI 95 CV,1505,"CIA.GRAL.AIGÜES D CATALUNYA,SA",205567,3,Barcelona,Barcelona,Cataluña,Aribau 112,UTM 31 ETRS89,429520.47  4582478.80,9626426DF2892F0001ZO,Sustitución de vehículo de combustión por eléctrico,8606MWT,RENAULT,KANGOO VAN E-TECH ELECTRIC,ELECTRICO,355577,2024,2024-11-29,0,1505,4500426774,CGAC,,X,CATALUÑA,VF1RFK00073824797,5.1,10,17.3,13073,4405.601000000001,M1,6795.3454,CORRECTO ALQUILER
CAE500056,CAE500056,9455LKC,X,,X,,X,X,,AYVENS,1,RENTING,DEVUELTO,44153,2024-11-18,1461,2024,7,DIESEL,SEAT,ARONA 1.6 TDI 95 CV,1064,AYWA SER.AMBIENTALES SL,10649080,1,Valencia,Valencia,Comunidad Valenciana,Gran Vía Marques del Turia 19,UTM 30 ETRS89,726043.16  4371771.79,6019215YJ2761G0001XI,Sustitución de vehículo de combustión por eléctrico,3147MXJ,RENAULT,KANGOO VAN E-TECH ELECTRIC,ELECTRICO,DEFINIR,2024,2024-12-23,0,1064,X,AYWA SER.AMBIENTALES SL,,X,COMUNIDAD VALENCIANA,VF1RFK00073934300,5.1,10,17.3,13073,4405.601000000001,M1,6795.3454,CORRECTO ALQUILER
CAE500057,CAE500057,5243LKX,X,,X,,X,X,,AYVENS,1,RENTING,DEVUELTO,44166,2024-12-01,1461,2024,7,DIESEL,SEAT,ARONA 1.6 TDI 95 CV,1066,CANALIZ. CIVILES S.A.,10669100,2,Valencia,Valencia,Comunidad Valenciana,Llanterners 3,UTM 30 ETRS89,723014.22  4371274.90,3114104YJ2731C0001SY,Sustitución de vehículo de combustión por eléctrico,8658MWT,RENAULT,KANGOO VAN E-TECH ELECTRIC,ELECTRICO,356006,2024,2024-11-29,0,1066,4500426798,CANALIZ. CIVILES S.A.,,X,COMUNIDAD VALENCIANA,VF1RFK00273824820,5.1,10,17.3,13073,4405.601000000001,M1,6795.3454,CORRECTO ALQUILER
CAE500058,CAE500058,5255LKX,X,,X,,X,X,,AYVENS,1,RENTING,DEVUELTO,44215,2025-01-19,1461,2025,7,DIESEL,SEAT,ARONA 1.6 TDI 95 CV,1001,AGUAS DE VALENCIA SA,200784,9,Valencia,Valencia,Comunidad Valenciana,Gran Vía Marques del Turia 19,UTM 30 ETRS89,726043.16  4371771.79,6019215YJ2761G0001XI,Sustitución de vehículo de combustión por eléctrico,6370MXF,RENAULT,KANGOO VAN E-TECH ELECTRIC,ELECTRICO,350535,2024,2024-12-19,-1,1001,4500426771,AVSA,,X,COMUNIDAD VALENCIANA,VF1RFK00373824888,5.1,10,17.3,13073,4405.601000000001,M1,6795.3454,CORRECTO ALQUILER
CAE500059,CAE500059,9276LMB,X,,X,,x,x,,AYVENS,1,RENTING,DEVUELTO,44215,2025-01-19,1461,2025,7,DIESEL,SEAT,ARONA 1.6 TDI 95 CV,1053,"IMPL.SISTEMAS DE GESTION, S.L.",355528,2,Valencia,Valencia,Comunidad Valenciana,Gran Vía Marques del Turia 19,UTM 30 ETRS89,726043.16  4371771.79,6019215YJ2761G0001XI,Sustitución de vehículo de combustión por eléctrico,8392MXG,RENAULT,KANGOO VAN E-TECH ELECTRIC,ELECTRICO,355457,2024,2024-12-20,-1,1053,4500426874,ISG,,X,COMUNIDAD VALENCIANA,VF1RFK00273934282,5.1,10,17.3,13073,4405.601000000001,M1,6795.3454,CORRECTO ALQUILER
CAE500060,CAE500060,4988LLY,X,,X,,X,X,,AYVENS,1,RENTING,DEVUELTO,44215,2025-01-19,1461,2025,7,DIESEL,SEAT,ARONA 1.6 TDI 95 CV,1004,G.O.MEDIOAMBIENTE S.L.,204427,1,Valencia,Valencia,Comunidad Valenciana,Gran Vía Marques del Turia 17,UTM 30 ETRS89,726013.62  4371779.06,6019216YJ2761G0001II,Sustitución de vehículo de combustión por eléctrico,6051KRV,RENAULT,ZOE 40,ELECTRICO,724317,2024,2024-03-23,-1,1004,4500399254,G.O.MEDIOAMBIENTE S.L.,,X,COMUNIDAD VALENCIANA,VF1AG000561226133,5.1,10,13.3,13073,4928.521,M1,6795.3454,CORRECTO ALQUILER
CAE500061,CAE500061,0251LLK,X,,X,,X,X,,AYVENS,1,RENTING,CANCELADO POR SINIESTRO,44237,2025-02-10,1461,2025,6,DIESEL,SEAT,ARONA 1.6 TDI 95 CV,1053,"IMPL.SISTEMAS DE GESTION, S.L.",355539,3,Valencia,Valencia,Comunidad Valenciana,Gran Vía Marques del Turia 19,UTM 30 ETRS89,726043.16  4371771.79,6019215YJ2761G0001XI,Sustitución de vehículo de combustión por eléctrico,0602KHK,RENAULT,ZOE 40,ELECTRICO,355539,2024,2024-06-21,-1,1053,4500409585,ISG,,X,COMUNIDAD VALENCIANA,VF1AGVYF059267878,5.1,10,13.3,13073,4928.521,M1,6795.3454,CORRECTO ALQUILER
CAE500062,,4979LFG,,,,,,,,AYVENS,1,RENTING,DEVUELTO,43873,2024-02-12,1461,1905-07-16,7,DIESEL,RENAULT,MÉGANE 1.5 DCI 110CV,8009,VALORIA 2015 SLU,DEFINIR,1,,,,,,,,,,,,,,,,,,,,,,,,,,,53508,,,,FALSO ALQUILER
CAE500063,,4939LFG,,,,,,,,AYVENS,1,RENTING,DEVUELTO,43875,2024-02-14,1461,1905-07-16,7,DIESEL,RENAULT,MÉGANE 1.5 DCI 110CV,8132,GLOBAL OMNIUM IDRICA SL,DEFINIR,1,,,,,,,,,,,,,,,,,,,,,,,,,,,53508,,,,FALSO ALQUILER
CAE500064,CAE500064,0246LLK,X,,X,,X,X,,AYVENS,1,RENTING,DEVUELTO,44186,2024-12-21,1461,2024,7,DIESEL,SEAT,ARONA 1.6 TDI 95 CV,1004,G.O.MEDIOAMBIENTE S.L.,200101,2,Valencia,Valencia,Comunidad Valenciana,Gran Vía Marques del Turia 17,UTM 30 ETRS89,726013.62  4371779.06,6019216YJ2761G0001II,Sustitución de vehículo de combustión por eléctrico,6727LMH,SILENCE,SEAT MO E 125 CC,ELECTRICO,724236,2024,2024-04-09,0,1004,4500398936,G.O.MEDIOAMBIENTE S.L.,,X,COMUNIDAD VALENCIANA,UCYS01S0ZMB000266,5.1,10,7,13073,5752.12,M1,6795.3454,CORRECTO ALQUILER
CAE500065,CAE500065,4456KVD,X,X,X,,X,X,,AYVENS,1,RENTING,DEVUELTO,43578,2023-04-23,1461,2023,7,DIESEL,OPEL,ASTRA 1.6 CDTI 110 CV,1066,CANALIZ. CIVILES S.A.,10669101,3,Valencia,Valencia,Comunidad Valenciana,Llanterners 3,UTM 30 ETRS89,723014.22  4371274.90,3114104YJ2731C0001SY,Sustitución de vehículo de combustión por eléctrico,6022MWV,CITROEN,Ë-C3 ELÉCTRICO MAX,ELECTRICO,10669120,2024,2024-11-29,1,1066,4500426701,CANALIZ. CIVILES S.A.,,X,COMUNIDAD VALENCIANA,VR7CBZYA1ST000158,5.1,10,16.4,13073,4523.258000000001,M1,6795.3454,CORRECTO ALQUILER
CAE500066,CAE500066,8298KZS,X,,X,,X,X,,AYVENS,1,RENTING,DEVUELTO,43726,2024-09-18,1827,2024,7,DIESEL,OPEL,ASTRA 1.6 CDTI 110 CV,1001,AGUAS DE VALENCIA SA,10019946,10,Valencia,Valencia,Comunidad Valenciana,Gran Vía Marques del Turia 19,UTM 30 ETRS89,726043.16  4371771.79,6019215YJ2761G0001XI,Sustitución de vehículo de combustión por eléctrico,6007MWV,CITROEN,Ë-C3 ELÉCTRICO MAX,ELECTRICO,200738,2024,2024-11-26,0,1001,4500424789,AVSA,,X,COMUNIDAD VALENCIANA,VR7CBZYA9RT152179,5.1,10,16.4,13073,4523.258000000001,M1,6795.3454,CORRECTO ALQUILER
CAE500067,CAE500067,9019LBN,X,X,X,,X,X,,AYVENS,1,RENTING,DEVUELTO,43749,2024-10-11,1827,2024,7,DIESEL,OPEL,ASTRA 1.6 CDTI 110 CV,1004,G.O.MEDIOAMBIENTE S.L.,10049946,3,Valencia,Valencia,Comunidad Valenciana,Gran Vía Marques del Turia 17,UTM 30 ETRS89,726013.62  4371779.06,6019216YJ2761G0001II,Sustitución de vehículo de combustión por eléctrico,6442MWV,CITROEN,Ë-C3 ELÉCTRICO MAX,ELECTRICO,204427,2024,2024-11-29,0,1004,4500424798,G.O.MEDIOAMBIENTE S.L.,,X,COMUNIDAD VALENCIANA,VR7CBZYA9RT153042,5.1,10,16.4,13073,4523.258000000001,M1,6795.3454,CORRECTO ALQUILER
CAE500068,CAE500068,9105KTC,X,X,X,,X,X,,AYVENS,1,RENTING,CANCELADO POR SINIESTRO,43522,2024-02-26,1826,2024,6,DIESEL,OPEL,ASTRA 1.6 CDTI 110 CV,1004,G.O.MEDIOAMBIENTE S.L.,10049946,4,Valencia,Valencia,Comunidad Valenciana,Gran Vía Marques del Turia 17,UTM 30 ETRS89,726013.62  4371779.06,6019216YJ2761G0001II,Sustitución de vehículo de combustión por eléctrico,1178MSX,NISSAN,TOWNSTAR,ELECTRICO,724557,2024,2024-07-10,0,1004,4500407442,G.O.MEDIOAMBIENTE S.L.,,X,COMUNIDAD VALENCIANA,VNVNFK00X70248339,5.1,10,20,13073,4052.63,M1,6795.3454,CORRECTO ALQUILER
CAE500069,CAE500069,4793KWD,X,,X,,X,X,,AYVENS,1,RENTING,DEVUELTO,43584,2023-04-29,1461,2023,7,DIESEL,OPEL,ASTRA 1.6 CDTI 110 CV,1001,AGUAS DE VALENCIA SA,200783,11,Valencia,Valencia,Comunidad Valenciana,Gran Vía Marques del Turia 19,UTM 30 ETRS89,726043.16  4371771.79,6019215YJ2761G0001XI,Sustitución de vehículo de combustión por eléctrico,2705MXG,RENAULT,KANGOO VAN E-TECH ELECTRIC,ELECTRICO,200567,2024,2024-12-19,1,1001,4500426873,AVSA,,X,COMUNIDAD VALENCIANA,VF1RFK00073934264,5.1,10,17.3,13073,4405.601000000001,M1,6795.3454,CORRECTO ALQUILER
CAE500070,CAE500070,4296LBD,X,,X,,X,X,,AYVENS,1,RENTING,DEVUELTO,43747,2023-10-09,1461,2023,7,DIESEL,OPEL,ASTRA 1.6 CDTI 110 CV,1066,CANALIZ. CIVILES S.A.,10669121,4,Valencia,Valencia,Comunidad Valenciana,Llanterners 3,UTM 30 ETRS89,723014.22  4371274.90,3114104YJ2731C0001SY,Sustitución de vehículo de combustión por eléctrico,8626MWT,RENAULT,KANGOO VAN E-TECH ELECTRIC,ELECTRICO,356006,2024,2024-11-29,1,1066,4500426766,CANALIZ. CIVILES S.A.,,X,COMUNIDAD VALENCIANA,VF1RFK00X73824810,5.1,10,17.3,13073,4405.601000000001,M1,6795.3454,CORRECTO ALQUILER
CAE500071,CAE500071,7017KWW,X,,X,,X,X,,AYVENS,1,RENTING,DEVUELTO,43619,2024-07-03,1857,2024,7,DIESEL,OPEL,ASTRA 1.6 CDTI 110 CV,1001,AGUAS DE VALENCIA SA,10019946,12,Valencia,Valencia,Comunidad Valenciana,Gran Vía Marques del Turia 19,UTM 30 ETRS89,726043.16  4371771.79,6019215YJ2761G0001XI,Sustitución de vehículo de combustión por eléctrico,5360MXF,RENAULT,KANGOO VAN E-TECH ELECTRIC,ELECTRICO,350535,2024,2024-12-19,0,1001,4500426758,AVSA,,X,COMUNIDAD VALENCIANA,VF1RFK00873824885,5.1,10,17.3,13073,4405.601000000001,M1,6795.3454,CORRECTO ALQUILER
CAE500072,CAE500072,8891LBN,X,X,X,,X,X,,AYVENS,1,RENTING,DEVUELTO,43749,2024-10-11,1827,2024,7,DIESEL,OPEL,ASTRA 1.6 CDTI 110 CV,1002,G.O.INVERSIONES S.L.,10029200,1,Valencia,Valencia,Comunidad Valenciana,Gran Vía Marques del Turia 19,UTM 30 ETRS89,726043.16  4371771.79,6019215YJ2761G0001XI,Sustitución de vehículo de combustión por eléctrico,6952MXF,RENAULT,KANGOO VAN E-TECH ELECTRIC,ELECTRICO,200370,2024,2024-12-19,0,1002,4500426808,G.O.INVERSIONES S.L.,,X,COMUNIDAD VALENCIANA,VF1RFK00873934304,5.1,10,17.3,13073,4405.601000000001,M1,6795.3454,CORRECTO ALQUILER
CAE500073,,5113CNG,,,,,,,,CEDIDO,6,"CEDIDO (por ayto, planta.",CANCELADO,44330,2024-03-31,1052,1905-07-16,4,DIESEL,CITROEN,C 3 1.4,1329,UTE SOFTCAD-VANAGUA,351329,1,,,,,,,,,,,,,,,,,,,,,,,,,,,53508,,,,FALSO ALQUILER
CAE500074,CAE500074,7190JDY,,,,,X,,,OTROS,8,OTROS AUTORIZADOS,CANCELADO,42116,2024-03-31,3266,2024,4,HÍBRIDO,TOYOTA,AURIS,1001,AGUAS DE VALENCIA SA,10019946,13,Valencia,Valencia,Comunidad Valenciana,Gran Vía Marques del Turia 19,UTM 30 ETRS89,726043.16  4371771.79,6019215YJ2761G0001XI,Sustitución de vehículo de combustión por eléctrico,2737MXG,RENAULT,KANGOO VAN E-TECH ELECTRIC,ELECTRICO,100599,2024,2024-12-19,0,1001,4500426786,AVSA,,X,COMUNIDAD VALENCIANA,VF1RFK00573824889,5.1,9.19,17.3,13073,3865.5553699999987,M1,0,FALSO ALQUILER
CAE500075,CAE500075,4161FVT,X,X,X,,X,X,,TLM,3,ALQUILER,DEVUELTO,2023-05-29,2023-09-20,114,2023,7,DIESEL,NISSAN,CABSTAR 130 CV,1066,CANALIZ. CIVILES S.A.,356004,5,Valencia,Valencia,Comunidad Valenciana,Llanterners 3,UTM 30 ETRS89,723014.22  4371274.90,3114104YJ2731C0001SY,Sustitución de vehículo de combustión por eléctrico,6037MWV,CITROEN,Ë-C3 ELÉCTRICO MAX,ELECTRICO,356010,2024,2024-11-29,1,1066,4500426703,CANALIZ. CIVILES S.A.,,X,COMUNIDAD VALENCIANA,VR7CBZYA9ST000165,5.6,10,16.4,15815,6262.740000000001,N1,5607.998999999999,CORRECTO ALQUILER
CAE500076,,6061KRD,,,,,,,,AYVENS,1,RENTING,DEVUELTO,43416,2024-04-04,1970,1905-07-16,7,GLP,OPEL,CORSA 1.4 90 CV GLP 5P,8001,FUCSA,10019931,2,,,,,,,,,,,,,,,,,,,,,,,,,,,53508,,,,FALSO ALQUILER
CAE500077,CAE500077,4836MGD,X,,X,,X,X,,AYVENS,3,ALQUILER,DEVUELTO,2023-10-03,2023-12-18,76,2023,7,DIESEL,RENAULT,CLIO 1.5 DCI 100 CV,1505,"CIA.GRAL.AIGÜES D CATALUNYA,SA",355589,4,Barcelona,Barcelona,Cataluña,Aribau 112,UTM 31 ETRS89,429520.47  4582478.80,9626426DF2892F0001ZO,Sustitución de vehículo de combustión por eléctrico,2087MJP,RENAULT,KANGOO VAN E-TECH,ELECTRICO,725465,2023,2023-07-28,0,1505,4500351520,CGAC,,X,CATALUÑA,VF1RFK00670686992,5.1,10,17.3,13073,4405.601000000001,M1,6795.3454,CORRECTO ALQUILER
CAE500078,,BR534034,,,,,,,,CEDIDO,6,"CEDIDO (por ayto, planta.",CANCELADO,43879,2024-04-15,1518,1905-07-16,4,DIESEL,HERMANOS GARCIA,REMOLQUE AGRICOLA BASCULANTE,1326,UTE EDAR TABLADA,721326,2,,,,,,,,,,,,,,,,,,,,,,,,,,,53508,,,,FALSO ALQUILER
CAE500079,,BR534037,,,,,,,,CEDIDO,6,"CEDIDO (por ayto, planta.",CANCELADO,43879,2024-04-15,1518,1905-07-16,4,DIESEL,HERMANOS GARCIA,REMOLQUE AGRICOLA BASCULANTE,1326,UTE EDAR TABLADA,721326,3,,,,,,,,,,,,,,,,,,,,,,,,,,,53508,,,,FALSO ALQUILER
CAE500080,CAE500080,7621KGX,,,X,,,x,x,AYVENS,3,ALQUILER,DEVUELTO,2023-02-01,2023-02-27,26,2023,7,DIESEL,RENAULT,CLIO 1.5 DCI 75 CV,1505,"CIA.GRAL.AIGÜES D CATALUNYA,SA",725485,5,Barcelona,Barcelona,Cataluña,Aribau 112,UTM 31 ETRS89,429520.47  4582478.80,9626426DF2892F0001ZO,Sustitución de vehículo de combustión por eléctrico,0767MJM,PEUGEOT,E-PARTNER PRO 100 KW,ELECTRICO,725455,2023,2023-07-26,0,1505,4500370216,CGAC,,X,CATALUÑA,VR3EAZKXZPJ701046,5.1,10,22.7,13073,3699.6590000000006,M1,6795.3454,FALSO ALQUILER
CAE500081,CAE500081,7706KJH,,,x,,,x,x,AYVENS,3,ALQUILER,DEVUELTO,2023-02-01,2023-02-27,26,2023,7,DIESEL,RENAULT,CLIO 1.5 DCI 75 CV,1505,"CIA.GRAL.AIGÜES D CATALUNYA,SA",725485,6,Barcelona,Barcelona,Cataluña,Aribau 112,UTM 31 ETRS89,429520.47  4582478.80,9626426DF2892F0001ZO,Sustitución de vehículo de combustión por eléctrico,0777MJM,PEUGEOT,E-PARTNER PRO 100 KW,ELECTRICO,725455,2023,2023-07-26,0,1505,4500370232,CGAC,,X,CATALUÑA,VR3EAZKXZPJ701037,5.1,10,22.7,13073,3699.6590000000006,M1,6795.3454,FALSO ALQUILER
CAE500082,CAE500082,5351MGK,X,X,X,,X,X,,AYVENS,3,ALQUILER,DEVUELTO,2023-10-03,2024-03-21,170,2024,7,DIESEL,RENAULT,CLIO DCI 100 CV,1505,"CIA.GRAL.AIGÜES D CATALUNYA,SA",355589,7,Barcelona,Barcelona,Cataluña,Aribau 112,UTM 31 ETRS89,429520.47  4582478.80,9626426DF2892F0001ZO,Sustitución de vehículo de combustión por eléctrico,1666MGR,OPEL,VIVARO E-FURGON,ELECTRICO,725485,2023,2023-05-05,-1,1505,4500352855,CGAC,,X,CATALUÑA,VXEV1ZKXZPZ019578,5.1,10,28.1,13073,2993.7169999999996,M1,6795.3454,CORRECTO ALQUILER
CAE500083,CAE500083,5262MGK,X,,X,,X,X,,AYVENS,3,ALQUILER,DEVUELTO,2023-10-03,2023-11-29,57,2023,7,DIESEL,RENAULT,CLIO DCI 100 CV,1505,"CIA.GRAL.AIGÜES D CATALUNYA,SA",355589,8,Barcelona,Barcelona,Cataluña,Aribau 112,UTM 31 ETRS89,429520.47  4582478.80,9626426DF2892F0001ZO,Sustitución de vehículo de combustión por eléctrico,1258MJM,PEUGEOT,E-EXPERT PRO 100 KW,ELECTRICO,725441,2023,2023-07-26,0,1505,4500370368,CGAC,,X,CATALUÑA,VF3V1ZKXZPZ027825,5.1,10,28.2,13073,2980.6440000000002,M1,6795.3454,CORRECTO ALQUILER
CAE500084,CAE500084,4655MGJ,X,,X,,x,x,,AYVENS,3,ALQUILER,DEVUELTO,2023-10-03,2024-03-31,180,2024,7,DIESEL,OPEL,CORSA 1.5 D 100 CV,1505,"CIA.GRAL.AIGÜES D CATALUNYA,SA",355589,9,Barcelona,Barcelona,Cataluña,Aribau 112,UTM 31 ETRS89,429520.47  4582478.80,9626426DF2892F0001ZO,Sustitución de vehículo de combustión por eléctrico,1667MGR,OPEL,VIVARO E-FURGON,ELECTRICO,725465,2023,2023-05-05,-1,1505,4500351861,CGAC,,X,CATALUÑA,VXEV1ZKXZPZ019580,5.1,10,28.1,13073,2993.7169999999996,M1,6795.3454,CORRECTO ALQUILER
CAE500085,,C4053BMN,,,,,,,,PROPIEDAD,5,PROPIEDAD,CANCELADO,37956,2024-05-15,7471,1905-07-16,4,GASOLINA,ADLY,CICLOMOTOR QWAD ATV 50 W,1400,EGEVASA,208379,2,,,,,,,,,,,,,,,,,,,,,,,,,,,53508,,,,FALSO PROPIEDAD
CAE500086,CAE500086,4223LJV,X,,X,,X,X,,VWRENTING,1,RENTING,DEVUELTO,44088,2024-09-14,1461,2024,7,DIESEL,VOLKSWAGEN,CADDY 2.0 TDI 102 CV,1507,EMP.AG.POTABL.MALGRAT SA,201507,1,Malgrat de Mar,Barcelona,Cataluña,Avda bon Pastor 9,UTM 31 ETRS89,478198.75  4610161.48,8302001DG7180S0029UZ,Sustitución de vehículo de combustión por eléctrico,4621MVB,NISSAN,TOWNSTAR,ELECTRICO,201507,2024,2024-09-16,0,1507,4500413615,EMP.AG.POTABL.MALGRAT SA,,X,CATALUÑA,VNVNFK00X70531114,5.6,10,20,15815,5693.4,N1,5607.998999999999,CORRECTO ALQUILER
CAE500087,CAE500087,3043KBJ,X,X,X,,X,X,,AYVENS,1,RENTING,DEVUELTO,42923,2024-09-30,2642,2024,7,DIESEL,VOLKSWAGEN,CADDY 4*4 2.0 TDI 122 CV,1053,"IMPL.SISTEMAS DE GESTION, S.L.",355458,4,Valencia,Valencia,Comunidad Valenciana,Gran Vía Marques del Turia 19,UTM 30 ETRS89,726043.16  4371771.79,6019215YJ2761G0001XI,Sustitución de vehículo de combustión por eléctrico,6128MWV,CITROEN,Ë-C3 ELÉCTRICO MAX,ELECTRICO,355539,2024,2024-11-29,0,1053,4500424790,ISG,,X,COMUNIDAD VALENCIANA,VR7CBZYA8RT154442,5.6,10,16.4,15815,6262.740000000001,N1,5607.998999999999,CORRECTO ALQUILER
CAE500088,CAE500088,3598LKS,X,X,X,,X,X,,AYVENS,1,RENTING,CANCELADO POR SINIESTRO,44166,2024-12-01,1461,2024,6,DIESEL,VOLKSWAGEN,CADDY 4*4 2.0 TDI 122 CV,1001,AGUAS DE VALENCIA SA,200738,14,Valencia,Valencia,Comunidad Valenciana,Gran Vía Marques del Turia 19,UTM 30 ETRS89,726043.16  4371771.79,6019215YJ2761G0001XI,Sustitución de vehículo de combustión por eléctrico,6087MWV,CITROEN,Ë-C3 ELÉCTRICO MAX,ELECTRICO,200784,2024,2024-11-29,0,1001,4500424802,AVSA,,X,COMUNIDAD VALENCIANA,VR7CBZYA7RT152214,5.6,10,16.4,15815,6262.740000000001,N1,5607.998999999999,CORRECTO ALQUILER
CAE500089,CAE500089,5013LLF,X,X,X,,X,X,,AYVENS,1,RENTING,DEVUELTO,44176,2024-12-11,1461,2024,7,DIESEL,VOLKSWAGEN,CADDY 4*4 2.0 TDI 122 CV,1053,"IMPL.SISTEMAS DE GESTION, S.L.",355528,5,Valencia,Valencia,Comunidad Valenciana,Gran Vía Marques del Turia 19,UTM 30 ETRS89,726043.16  4371771.79,6019215YJ2761G0001XI,Sustitución de vehículo de combustión por eléctrico,8387MXG,RENAULT,KANGOO VAN E-TECH ELECTRIC,ELECTRICO,355458,2024,2024-12-20,0,1053,4500426879,ISG,,X,COMUNIDAD VALENCIANA,VF1RFK00973934294,5.6,10,17.3,15815,6120.405,N1,5607.998999999999,CORRECTO ALQUILER
CAE500090,,3283KXV,,,,,,,,AYVENS,1,RENTING,DEVUELTO,43630,2024-06-14,1827,1905-07-16,7,GLP,OPEL,CORSA 1.4 90 CV GLP 5P,1202,"AIGÜES DE SAGUNT, S.A.",201202,1,,,,,,,,,,,,,,,,,,,,,,,,,,,53508,,,,FALSO ALQUILER
CAE500091,CAE500091,3569LKS,X,X,X,,X,X,,AYVENS,1,RENTING,CANCELADO POR SINIESTRO,44189,2024-12-24,1461,2024,6,DIESEL,VOLKSWAGEN,CADDY 4*4 2.0 TDI 122 CV,1505,"CIA.GRAL.AIGÜES D CATALUNYA,SA",355490,10,Barcelona,Barcelona,Cataluña,Aribau 112,UTM 31 ETRS89,429520.47  4582478.80,9626426DF2892F0001ZO,Sustitución de vehículo de combustión por eléctrico,8616MWT,RENAULT,KANGOO VAN E-TECH ELECTRIC,ELECTRICO,205351,2024,2024-11-29,0,1505,4500426787,CGAC,,X,CATALUÑA,VF1RFK00273824803,5.6,10,17.3,15815,6120.405,N1,5607.998999999999,CORRECTO ALQUILER
CAE500092,CAE500092,5443LLD,X,X,X,,X,X,,AYVENS,1,RENTING,DEVUELTO,44176,2024-12-11,1461,2024,7,DIESEL,VOLKSWAGEN,CADDY 4*4 2.0 TDI 122 CV KOMBI,1001,AGUAS DE VALENCIA SA,10019060,15,Valencia,Valencia,Comunidad Valenciana,Gran Vía Marques del Turia 19,UTM 30 ETRS89,726043.16  4371771.79,6019215YJ2761G0001XI,Sustitución de vehículo de combustión por eléctrico,6089MWV,CITROEN,Ë-C3 ELÉCTRICO MAX,ELECTRICO,101702,2024,2024-11-29,0,1001,4500424812,AVSA,,X,COMUNIDAD VALENCIANA,VR7CBZYA7RT152181,5.6,10,16.4,15815,6262.740000000001,N1,6795.3454,CORRECTO ALQUILER
CAE500093,CAE500093,5493LLD,X,X,X,,X,X,,AYVENS,1,RENTING,DEVUELTO,44176,2024-12-11,1461,2024,7,DIESEL,VOLKSWAGEN,CADDY 4*4 2.0 TDI 122 CV KOMBI,1203,"E.Mixta Metropolitana, SA",101224,2,Valencia,Valencia,Comunidad Valenciana,Pedrapiquers 4,UTM 30 ETRS89,723006.99  4370803.79,3110819YJ2730G0001DW,Sustitución de vehículo de combustión por eléctrico,6245MWV,CITROEN,Ë-C3 ELÉCTRICO MAX,ELECTRICO,101243,2024,2024-11-29,0,1203,4500424806,"E.Mixta Metropolitana, SA",,X,COMUNIDAD VALENCIANA,VR7CBZYA5RT153040,5.6,10,16.4,15815,6262.740000000001,N1,6795.3454,CORRECTO ALQUILER
CAE500094,,0841KWW,,,,,,,,AYVENS,1,RENTING,CANCELADO POR SINIESTRO,43619,2024-07-03,1857,1905-07-16,6,DIESEL,OPEL,ASTRA 1.6 CDTI 110 CV,1400,EGEVASA,358530,3,,,,,,,,,,,,,,,,,,,,,,,,,,,53508,,,,FALSO ALQUILER
CAE500095,CAE500095,3128GKL,,,,X,X,X,,PROPIEDAD,5,PROPIEDAD,CANCELADO,2009-01-14,2024-10-09,5747,2024,4,DIESEL,RENAULT,CAMION CISTERNA 18 TN,1053,"IMPL.SISTEMAS DE GESTION, S.L.",357710,6,Valencia,Valencia,Comunidad Valenciana,Gran Vía Marques del Turia 19,UTM 30 ETRS89,726043.16  4371771.79,6019215YJ2761G0001XI,Sustitución de vehículo de combustión por eléctrico,8249MXG,RENAULT,KANGOO VAN E-TECH ELECTRIC,ELECTRICO,355528,2024,2024-12-20,0,1053,4500426783,ISG,,X,COMUNIDAD VALENCIANA,VF1RFK00273934279,35,10,17.3,53508,178021.116,N3,123854.9676,CORRECTO PROPIEDAD
CAE500096,,4058LHB,,,,,,,,AYVENS,1,RENTING,DEVUELTO,44029,2024-07-17,1461,1905-07-16,7,DIESEL,VOLKSWAGEN,T ROC 1.6 TDI 115 CV,8132,GLOBAL OMNIUM IDRICA SL,DEFINIR,2,,,,,,,,,,,,,,,,,,,,,,,,,,,53508,,,,FALSO ALQUILER
CAE500097,CAE500097,9165FXM,,,,X,X,X,,PROPIEDAD,5,PROPIEDAD,CANCELADO,2007-11-21,2024-02-19,5934,2024,4,DIESEL,VOLVO,CAMION CISTERNA 26 TN,1053,"IMPL.SISTEMAS DE GESTION, S.L.",357710,7,Valencia,Valencia,Comunidad Valenciana,Gran Vía Marques del Turia 19,UTM 30 ETRS89,726043.16  4371771.79,6019215YJ2761G0001XI,Sustitución de vehículo de combustión por eléctrico,6125MWV,CITROEN,Ë-C3 ELÉCTRICO MAX,ELECTRICO,357710,2024,2024-11-29,0,1053,4500424814,ISG,,X,COMUNIDAD VALENCIANA,VR7CBZYA4RT153045,35,10,16.4,53508,178502.68800000002,N3,123854.9676,CORRECTO PROPIEDAD
CAE500098,CAE500098,V6288GB,,,,X,X,X,,PROPIEDAD,5,PROPIEDAD,CANCELADO,1998-05-11,2023-02-15,9046,2023,4,DIESEL,MITSUBISHI,CAMION CISTERNA 3.5 TN,1053,"IMPL.SISTEMAS DE GESTION, S.L.",357711,8,Valencia,Valencia,Comunidad Valenciana,Gran Vía Marques del Turia 19,UTM 30 ETRS89,726043.16  4371771.79,6019215YJ2761G0001XI,Sustitución de vehículo de combustión por eléctrico,6124MWV,CITROEN,Ë-C3 ELÉCTRICO MAX,ELECTRICO,355703,2024,2024-11-29,1,1053,4500424819,ISG,,X,COMUNIDAD VALENCIANA,VR7CBZYA3RT154445,35,10,16.4,53508,178502.68800000002,N3,5607.998999999999,CORRECTO PROPIEDAD
CAE500099,CAE500099,C0296BMW,,,,X,,,,PROPIEDAD,5,PROPIEDAD,CANCELADO,2003-12-01,2024-11-29,7669,2024,4,GASOLINA,PEUGEOT,CICLOMOTOR TREKKER 50,1490,EMPRESA MIXTA CALPE,208754,1,Calpe,Alicante,Comunidad Valenciana,Diputación 6,UTM 31 ETRS89,242291.31  4281546.37,4619101YH6841N0018BI,Sustitución de vehículo de combustión por eléctrico,7151MXV,RENAULT,KANGOO VAN E-TECH,ELECTRICO,908755,2025,2025-01-17,1,1490,4500426844,EMPRESA MIXTA CALPE,,X,COMUNIDAD VALENCIANA,VF1RFK00073824864,2.9,9.19,17.3,2831,264.7268099999999,L3e,617.4694099999999,FALSO PROPIEDAD
CAE500100,CAE500100,5244MGJ,X,,X,,x,x,,AYVENS,3,ALQUILER,DEVUELTO,2023-10-03,2023-11-29,57,2023,7,DIESEL,OPEL,CORSA 1.5 D 100 CV,1505,"CIA.GRAL.AIGÜES D CATALUNYA,SA",355589,11,Barcelona,Barcelona,Cataluña,Aribau 112,UTM 31 ETRS89,429520.47  4582478.80,9626426DF2892F0001ZO,Sustitución de vehículo de combustión por eléctrico,1256MJM,PEUGEOT,E-EXPERT PRO 100 KW,ELECTRICO,725441,2023,2023-07-26,0,1505,4500370371,CGAC,,X,CATALUÑA,VF3V1ZKXZPZ010849,5.1,10,28.2,13073,2980.6440000000002,M1,6795.3454,CORRECTO ALQUILER
CAE500101,CAE500101,6742MGH,X,,X,,x,x,,AYVENS,3,ALQUILER,DEVUELTO,2023-10-05,2023-11-29,55,2023,7,DIESEL,OPEL,CORSA 1.5 D 100 CV,1505,"CIA.GRAL.AIGÜES D CATALUNYA,SA",355589,12,Barcelona,Barcelona,Cataluña,Aribau 112,UTM 31 ETRS89,429520.47  4582478.80,9626426DF2892F0001ZO,Sustitución de vehículo de combustión por eléctrico,1261MJM,PEUGEOT,E-EXPERT PRO 100 KW,ELECTRICO,725455,2023,2023-07-26,0,1505,4500370221,CGAC,,X,CATALUÑA,VF3V1ZKXZPZ005194,5.1,10,28.2,13073,2980.6440000000002,M1,6795.3454,CORRECTO ALQUILER
CAE500102,,6006KNB,,,,,,,,ARVAL SERV,1,RENTING,DEVUELTO,43326,2024-08-14,2192,1905-07-16,7,DIESEL,AUDI,Q5 2.0 TDI 180 CV QUATTR0 S,8009,VALORIA 2015 SLU,DEFINIR,2,,,,,,,,,,,,,,,,,,,,,,,,,,,53508,,,,FALSO ALQUILER
CAE500103,CAE500103,5188MGJ,X,,X,,x,x,,AYVENS,3,ALQUILER,DEVUELTO,2023-10-04,2023-11-20,47,2023,7,DIESEL,OPEL,CORSA 1.5 D 100 CV,1505,"CIA.GRAL.AIGÜES D CATALUNYA,SA",355589,13,Barcelona,Barcelona,Cataluña,Aribau 112,UTM 31 ETRS89,429520.47  4582478.80,9626426DF2892F0001ZO,Sustitución de vehículo de combustión por eléctrico,8654MCZ,RENAULT,KANGOO VAN E-TECH,ELECTRICO,725565,2023,2022-12-27,0,1505,4500348266,CGAC,,X,CATALUÑA,VF1RFK00670026502,5.1,10,17.3,13073,4405.601000000001,M1,6795.3454,CORRECTO ALQUILER
CAE500104,CAE500104,5249MGJ,X,,X,,x,x,,AYVENS,3,ALQUILER,DEVUELTO,2023-10-03,2024-03-31,180,2024,7,DIESEL,OPEL,CORSA 1.5 D 100 CV,1505,"CIA.GRAL.AIGÜES D CATALUNYA,SA",355589,14,Barcelona,Barcelona,Cataluña,Aribau 112,UTM 31 ETRS89,429520.47  4582478.80,9626426DF2892F0001ZO,Sustitución de vehículo de combustión por eléctrico,8328MCZ,RENAULT,KANGOO VAN E-TECH,ELECTRICO,725586,2023,2022-12-27,-1,1505,4500348764,CGAC,,X,CATALUÑA,VF1RFK00169330329,5.1,10,17.3,13073,4405.601000000001,M1,6795.3454,CORRECTO ALQUILER
CAE500105,CAE500105,1918LMY,X,X,X,,x,x,,AYVENS,3,ALQUILER,DEVUELTO,2024-02-01,2024-03-07,35,2024,7,DIESEL,OPEL,CORSA 1.5 D100 CV,1505,"CIA.GRAL.AIGÜES D CATALUNYA,SA",725496,15,Barcelona,Barcelona,Cataluña,Aribau 112,UTM 31 ETRS89,429520.47  4582478.80,9626426DF2892F0001ZO,Sustitución de vehículo de combustión por eléctrico,2043MJP,RENAULT,KANGOO VAN E-TECH,ELECTRICO,725472,2023,2023-07-28,-1,1505,4500352342,CGAC,,X,CATALUÑA,VF1RFK00670693201,5.1,10,17.3,13073,4405.601000000001,M1,6795.3454,CORRECTO ALQUILER
CAE500106,CAE500106,2258JPC,X,X,X,,X,X,,AYVENS,1,RENTING,DEVUELTO,42527,2024-01-25,2789,2024,7,DIESEL,OPEL,COMBO 1.3 CDTI 90 CV,1505,"CIA.GRAL.AIGÜES D CATALUNYA,SA",205335,16,Barcelona,Barcelona,Cataluña,Aribau 112,UTM 31 ETRS89,429520.47  4582478.80,9626426DF2892F0001ZO,Sustitución de vehículo de combustión por eléctrico,2062MJP,RENAULT,KANGOO VAN E-TECH,ELECTRICO,725441,2023,2023-07-28,-1,1505,4500370369,CGAC,,X,CATALUÑA,VF1RFK00370927200,5.6,10,17.3,15815,6120.405,N1,5607.998999999999,CORRECTO ALQUILER
CAE500107,CAE500107,0290JLY,X,X,X,,X,X,,AYVENS,1,RENTING,DEVUELTO,42445,2023-03-16,2556,2023,7,DIESEL,OPEL,COMBO 1.3 CDTI 90 CV,1400,EGEVASA,208405,4,Valencia,Valencia,Comunidad Valenciana,"Gran Vía Marqués del Turia, 17-1º-4",UTM 30 ETRS89,726013.62  4371779.06,6019216YJ2761G0003PP,Sustitución de vehículo de combustión por eléctrico,3191MXJ,RENAULT,KANGOO VAN E-TECH ELECTRIC,ELECTRICO,208356,2024,2024-12-23,1,1400,4500426875,EGEVASA,,X,COMUNIDAD VALENCIANA,VF1RFK00973824863,5.6,10,17.3,15815,6120.405,N1,5607.998999999999,CORRECTO ALQUILER
CAE500108,CAE500108,9094KRJ,X,X,X,,x,x,,AYVENS,1,RENTING,DEVUELTO,43415,2024-03-05,1941,2024,7,DIESEL,OPEL,COMBO 1.3 CDTI 95 CV,1505,"CIA.GRAL.AIGÜES D CATALUNYA,SA",205324,17,Barcelona,Barcelona,Cataluña,Aribau 112,UTM 31 ETRS89,429520.47  4582478.80,9626426DF2892F0001ZO,Sustitución de vehículo de combustión por eléctrico,8623MCZ,RENAULT,KANGOO VAN E-TECH,ELECTRICO,725565,2023,2022-12-27,-1,1505,4500348261,CGAC,,X,CATALUÑA,VF1RFK00870026503,5.6,10,17.3,15815,6120.405,N1,5607.998999999999,CORRECTO ALQUILER
CAE500109,CAE500109,6586KPD,X,X,X,,x,x,,AYVENS,1,RENTING,DEVUELTO,43355,2023-09-12,1826,2023,7,DIESEL,OPEL,COMBO 1.3 CDTI 95 CV,1505,"CIA.GRAL.AIGÜES D CATALUNYA,SA",725468,18,Barcelona,Barcelona,Cataluña,Aribau 112,UTM 31 ETRS89,429520.47  4582478.80,9626426DF2892F0001ZO,Sustitución de vehículo de combustión por eléctrico,8868KDN,RENAULT,ZOE 40,ELECTRICO,725586,2023,2023-02-01,0,1505,4500352582,CGAC,,X,CATALUÑA,VF1AGVYC058921527,5.6,10,13.3,15815,6753.005000000001,N1,5607.998999999999,CORRECTO ALQUILER
CAE500110,CAE500110,7960KHZ,X,X,X,,X,X,,AYVENS,1,RENTING,DEVUELTO,43172,2023-03-13,1826,2023,7,DIESEL,OPEL,CORSA 1.3 CDTI 75 CV 5P,1200,EMIVASA,12009060,6,Valencia,Valencia,Comunidad Valenciana,Pedrapiquers 4,UTM 30 ETRS89,723006.99  4370803.79,3110819YJ2730G0001DW,Sustitución de vehículo de combustión por eléctrico,0210MWZ,CITROEN,Ë-C3 ELÉCTRICO MAX,ELECTRICO,100011,2024,2024-12-11,1,1200,4500424902,EMIVASA,,X,COMUNIDAD VALENCIANA,VR7CBZYA5RT153037,5.1,10,16.4,13073,4523.258000000001,M1,6795.3454,CORRECTO ALQUILER
CAE500111,CAE500111,8288KJX,X,X,X,,X,X,,AYVENS,1,RENTING,DEVUELTO,43213,2023-04-23,1826,2023,7,DIESEL,OPEL,CORSA 1.3 CDTI 75 CV 5P,1066,CANALIZ. CIVILES S.A.,356018,6,Valencia,Valencia,Comunidad Valenciana,Llanterners 3,UTM 30 ETRS89,723014.22  4371274.90,3114104YJ2731C0001SY,Sustitución de vehículo de combustión por eléctrico,6033MWV,CITROEN,Ë-C3 ELÉCTRICO MAX,ELECTRICO,10669100,2024,2024-11-29,1,1066,4500424801,CANALIZ. CIVILES S.A.,,X,COMUNIDAD VALENCIANA,VR7CBZYAXRT152210,5.1,10,16.4,13073,4523.258000000001,M1,6795.3454,CORRECTO ALQUILER
CAE500112,CAE500112,0426KHR,X,,X,,x,x,,AYVENS,1,RENTING,DEVUELTO,43160,2023-03-01,1826,2023,7,DIESEL,OPEL,CORSA 1.3 CDTI 75 CV 5P,1001,AGUAS DE VALENCIA SA,10019060,16,Valencia,Valencia,Comunidad Valenciana,Gran Vía Marques del Turia 19,UTM 30 ETRS89,726043.16  4371771.79,6019215YJ2761G0001XI,Sustitución de vehículo de combustión por eléctrico,2704MXG,RENAULT,KANGOO VAN E-TECH ELECTRIC,ELECTRICO,200599,2024,2024-12-19,1,1001,4500426846,AVSA,,X,COMUNIDAD VALENCIANA,VF1RFK00073934278,5.1,10,17.3,13073,4405.601000000001,M1,6795.3454,CORRECTO ALQUILER
CAE500113,CAE500113,2825KMP,X,X,X,,X,X,,AYVENS,1,RENTING,DEVUELTO,43312,2024-02-01,2011,2024,7,DIESEL,OPEL,CORSA 1.3 CDTI 75 CV 5P,1066,CANALIZ. CIVILES S.A.,356001,7,Valencia,Valencia,Comunidad Valenciana,Llanterners 3,UTM 30 ETRS89,723014.22  4371274.90,3114104YJ2731C0001SY,Sustitución de vehículo de combustión por eléctrico,8637MWT,RENAULT,KANGOO VAN E-TECH ELECTRIC,ELECTRICO,356006,2024,2024-11-29,0,1066,4500426776,CANALIZ. CIVILES S.A.,,X,COMUNIDAD VALENCIANA,VF1RFK00973824815,5.1,10,17.3,13073,4405.601000000001,M1,6795.3454,CORRECTO ALQUILER
CAE500114,CAE500114,2179KNN,X,X,X,,X,X,,AYVENS,1,RENTING,DEVUELTO,43343,2023-03-31,1673,2023,7,DIESEL,OPEL,CORSA 1.3 CDTI 75 CV 5P,1004,G.O.MEDIOAMBIENTE S.L.,350469,5,Valencia,Valencia,Comunidad Valenciana,Gran Vía Marques del Turia 17,UTM 30 ETRS89,726013.62  4371779.06,6019216YJ2761G0001II,Sustitución de vehículo de combustión por eléctrico,5566KSD,RENAULT,ZOE 40,ELECTRICO,724359,2023,2023-12-22,0,1004,4500389256,G.O.MEDIOAMBIENTE S.L.,,X,COMUNIDAD VALENCIANA,VF1AG000861226255,5.1,10,13.3,13073,4928.521,M1,6795.3454,CORRECTO ALQUILER
CAE500115,CAE500115,8170LCK,X,,X,,X,X,,TLM,3,ALQUILER,DEVUELTO,2023-03-17,2024-01-16,305,2024,7,DIESEL,PEUGEOT,EXPERT 1.5 HDI 102 CV,1066,CANALIZ. CIVILES S.A.,306050,8,Valencia,Valencia,Comunidad Valenciana,Llanterners 3,UTM 30 ETRS89,723014.22  4371274.90,3114104YJ2731C0001SY,Sustitución de vehículo de combustión por eléctrico,8636MWT,RENAULT,KANGOO VAN E-TECH ELECTRIC,ELECTRICO,10669109,2024,2024-11-29,0,1066,4500426780,CANALIZ. CIVILES S.A.,,X,COMUNIDAD VALENCIANA,VF1RFK00073824816,5.6,10,17.3,15815,6120.405,N1,5607.998999999999,CORRECTO ALQUILER
CAE500116,CAE500116,3310MDB,X,X,X,,X,X,,AYVENS,3,ALQUILER,DEVUELTO,2024-02-01,2024-06-25,145,2024,7,DIESEL,RENAULT,EXPRESS 1.5 DCI 95 CV,1505,"CIA.GRAL.AIGÜES D CATALUNYA,SA",725496,19,Barcelona,Barcelona,Cataluña,Aribau 112,UTM 31 ETRS89,429520.47  4582478.80,9626426DF2892F0001ZO,Sustitución de vehículo de combustión por eléctrico,6445MWV,CITROEN,Ë-C3 ELÉCTRICO MAX,ELECTRICO,205567,2024,2024-11-29,0,1505,4500424838,CGAC,,X,CATALUÑA,VR7CBZYAXRT153017,5.6,10,16.4,15815,6262.740000000001,N1,5607.998999999999,CORRECTO ALQUILER
CAE500117,CAE500117,1722MGL,X,X,X,,X,X,,AYVENS,3,ALQUILER,DEVUELTO,2024-02-01,2024-05-21,110,2024,7,DIESEL,RENAULT,EXPRESS 1.5 DCI 95 CV,1505,"CIA.GRAL.AIGÜES D CATALUNYA,SA",725496,20,Barcelona,Barcelona,Cataluña,Aribau 112,UTM 31 ETRS89,429520.47  4582478.80,9626426DF2892F0001ZO,Sustitución de vehículo de combustión por eléctrico,5020MWL,NISSAN,TOWNSTAR,ELECTRICO,205337,2024,2024-11-20,0,1505,4500423385,CGAC,,X,CATALUÑA,VNVNFK00571491969,5.6,10,20,15815,5693.4,N1,5607.998999999999,CORRECTO ALQUILER
CAE500118,,E6404BGM,,,,,,,,PROPIEDAD,5,PROPIEDAD,CANCELADO,42415,2024-10-14,3164,1905-07-16,4,DIESEL,DAVID,DISTRIBUIDOR ESTIERCOL,1400,EGEVASA,358527,5,,,,,,,,,,,,,,,,,,,,,,,,,,,53508,,,,FALSO PROPIEDAD
CAE500119,CAE500119,8677MGK,X,X,X,,X,X,,AYVENS,3,ALQUILER,DEVUELTO,2024-02-01,2024-07-31,181,2024,7,DIESEL,RENAULT,EXPRESS 1.5 DCI 95 CV,1505,"CIA.GRAL.AIGÜES D CATALUNYA,SA",725400,21,Barcelona,Barcelona,Cataluña,Aribau 112,UTM 31 ETRS89,429520.47  4582478.80,9626426DF2892F0001ZO,Sustitución de vehículo de combustión por eléctrico,6847MWL,NISSAN,TOWNSTAR,ELECTRICO,205337,2024,2024-11-20,0,1505,4500423384,CGAC,,X,CATALUÑA,VNVNFK00171491399,5.6,10,20,15815,5693.4,N1,5607.998999999999,CORRECTO ALQUILER
CAE500120,CAE500120,2502LZC,X,,X,,X,X,,AYVENS,3,ALQUILER,DEVUELTO,2024-02-02,2024-03-21,48,2024,7,DIESEL,RENAULT,EXPRESS 1.5 DCI 95 CV,1505,"CIA.GRAL.AIGÜES D CATALUNYA,SA",205337,22,Barcelona,Barcelona,Cataluña,Aribau 112,UTM 31 ETRS89,429520.47  4582478.80,9626426DF2892F0001ZO,Sustitución de vehículo de combustión por eléctrico,8539MDK,RENAULT,KANGOO VAN E-TECH,ELECTRICO,725465,2023,2023-01-19,-1,1505,4500351523,CGAC,,X,CATALUÑA,VF1RFK00170026505,5.6,10,17.3,15815,6120.405,N1,5607.998999999999,CORRECTO ALQUILER
CAE500121,CAE500121,2842LYK,X,,X,,X,X,,AYVENS,3,ALQUILER,DEVUELTO,2024-02-02,2024-03-21,48,2024,7,DIESEL,RENAULT,EXPRESS 1.5 DCI 95 CV,1505,"CIA.GRAL.AIGÜES D CATALUNYA,SA",205337,23,Barcelona,Barcelona,Cataluña,Aribau 112,UTM 31 ETRS89,429520.47  4582478.80,9626426DF2892F0001ZO,Sustitución de vehículo de combustión por eléctrico,8533MDK,RENAULT,KANGOO VAN E-TECH,ELECTRICO,725465,2023,2023-01-19,-1,1505,4500351522,CGAC,,X,CATALUÑA,VF1RFK00370026442,5.6,10,17.3,15815,6120.405,N1,5607.998999999999,CORRECTO ALQUILER
CAE500122,CAE500122,3264MDB,X,X,X,,X,X,,AYVENS,3,ALQUILER,DEVUELTO,2024-02-01,2024-05-13,102,2024,7,DIESEL,RENAULT,EXPRESS 1.5 DCI 95 CV,1505,"CIA.GRAL.AIGÜES D CATALUNYA,SA",725496,24,Barcelona,Barcelona,Cataluña,Aribau 112,UTM 31 ETRS89,429520.47  4582478.80,9626426DF2892F0001ZO,Sustitución de vehículo de combustión por eléctrico,4073MXK,RENAULT,KANGOO VAN E-TECH ELECTRIC,ELECTRICO,205584,2024,2024-12-26,0,1505,4500426777,CGAC,,X,CATALUÑA,VF1RFK00073824878,5.6,10,17.3,15815,6120.405,N1,5607.998999999999,CORRECTO ALQUILER
CAE500123,CAE500123,9778KJG,X,,X,,x,x,,AYVENS,1,RENTING,DEVUELTO,43182,2023-03-23,1826,2023,7,GLP,OPEL,CROSSLAND X 1.2 80 CV GLP,1200,EMIVASA,200020,7,Valencia,Valencia,Comunidad Valenciana,Pedrapiquers 4,UTM 30 ETRS89,723006.99  4370803.79,3110819YJ2730G0001DW,Sustitución de vehículo de combustión por eléctrico,0213MWZ,CITROEN,Ë-C3 ELÉCTRICO MAX,ELECTRICO,12009060,2024,2024-12-11,1,1200,4500424867,EMIVASA,,X,COMUNIDAD VALENCIANA,VR7CBZYA6RT153032,5.1,7.16,16.4,13073,2629.76468,M1,3694.6912599999996,CORRECTO ALQUILER
CAE500124,,9471LKC,,,,,,,,AYVENS,1,RENTING,DEVUELTO,44133,2024-10-29,1461,1905-07-16,7,DIESEL,SEAT,ARONA 1.6 TDI 95 CV,1400,EGEVASA,208413,6,,,,,,,,,,,,,,,,,,,,,,,,,,,53508,,,,FALSO ALQUILER
CAE500125,CAE500125,0842KVR,X,X,X,,X,X,,AYVENS,1,RENTING,DEVUELTO,43560,2023-04-05,1461,2023,7,GLP,OPEL,CROSSLAND X 1.2 80 CV GLP,1200,EMIVASA,12009082,8,Valencia,Valencia,Comunidad Valenciana,Pedrapiquers 4,UTM 30 ETRS89,723006.99  4370803.79,3110819YJ2730G0001DW,Sustitución de vehículo de combustión por eléctrico,0224MWZ,CITROEN,Ë-C3 ELÉCTRICO MAX,ELECTRICO,200020,2024,2024-12-11,1,1200,4500424886,EMIVASA,,X,COMUNIDAD VALENCIANA,VR7CBZYA2RT153027,5.1,7.16,16.4,13073,2629.76468,M1,3694.6912599999996,CORRECTO ALQUILER
CAE500126,CAE500126,2316KZH,X,X,,X,X,X,,AYVENS,1,RENTING,CANCELADO POR SINIESTRO,43685,2024-08-08,1827,2024,6,DIESEL,OPEL,CROSSLAND X 1.5 CDTI 102 CV,1591,EMP.MUN.SERVEIS PUBLICS,201591,1,Tortosa,Tarragona,Cataluña,Plaça d'Espanya 1,UTM 31 ETRS89,290930.83  4520735.40,1009701BF9210G0001RE,Sustitución de vehículo de combustión por eléctrico,1428KDP,RENAULT,ZOE 40,ELECTRICO,201591,2023,2023-02-01,-1,1591,4500349877,EMP.MUN.SERVEIS PUBLICS,,,CATALUÑA,VF1AGVYC059144786,5.1,10,13.3,13073,4928.521,M1,6795.3454,FALSO ALQUILER
CAE500127,CAE500127,6909MPH,X,X,X,,X,X,,AYVENS,3,ALQUILER,DEVUELTO,2024-06-04,2024-08-12,69,2024,7,DIESEL,RENAULT,EXPRESS 1.5 DCI 95 CV,1505,"CIA.GRAL.AIGÜES D CATALUNYA,SA",725498,25,Barcelona,Barcelona,Cataluña,Aribau 112,UTM 31 ETRS89,429520.47  4582478.80,9626426DF2892F0001ZO,Sustitución de vehículo de combustión por eléctrico,8597MWT,RENAULT,KANGOO VAN E-TECH ELECTRIC,ELECTRICO,205571,2024,2024-11-29,0,1505,4500426784,CGAC,,X,CATALUÑA,VF1RFK00973824801,5.6,10,17.3,15815,6120.405,N1,5607.998999999999,CORRECTO ALQUILER
CAE500128,CAE500128,6937MPH,X,X,X,,X,X,,AYVENS,3,ALQUILER,DEVUELTO,2024-06-04,2024-08-12,69,2024,7,DIESEL,RENAULT,EXPRESS 1.5 DCI 95 CV,1505,"CIA.GRAL.AIGÜES D CATALUNYA,SA",725498,26,Barcelona,Barcelona,Cataluña,Aribau 112,UTM 31 ETRS89,429520.47  4582478.80,9626426DF2892F0001ZO,Sustitución de vehículo de combustión por eléctrico,8601MWT,RENAULT,KANGOO VAN E-TECH ELECTRIC,ELECTRICO,205335,2024,2024-11-29,0,1505,4500426757,CGAC,,X,CATALUÑA,VF1RFK00073824783,5.6,10,17.3,15815,6120.405,N1,5607.998999999999,CORRECTO ALQUILER
CAE500129,CAE500129,7017MPH,X,X,X,,X,X,,AYVENS,3,ALQUILER,DEVUELTO,2024-06-04,2024-08-12,69,2024,7,DIESEL,RENAULT,EXPRESS 1.5 DCI 95 CV,1505,"CIA.GRAL.AIGÜES D CATALUNYA,SA",725498,27,Barcelona,Barcelona,Cataluña,Aribau 112,UTM 31 ETRS89,429520.47  4582478.80,9626426DF2892F0001ZO,Sustitución de vehículo de combustión por eléctrico,8603MWT,RENAULT,KANGOO VAN E-TECH ELECTRIC,ELECTRICO,205335,2024,2024-11-29,0,1505,4500426788,CGAC,,X,CATALUÑA,VF1RFK00673824805,5.6,10,17.3,15815,6120.405,N1,5607.998999999999,CORRECTO ALQUILER
CAE500130,CAE500130,6901MPH,X,X,X,,X,X,,AYVENS,3,ALQUILER,DEVUELTO,2024-06-04,2024-12-30,209,2024,7,DIESEL,RENAULT,EXPRESS 1.5 DCI 95 CV,1505,"CIA.GRAL.AIGÜES D CATALUNYA,SA",725498,28,Barcelona,Barcelona,Cataluña,Aribau 112,UTM 31 ETRS89,429520.47  4582478.80,9626426DF2892F0001ZO,Sustitución de vehículo de combustión por eléctrico,8617MWT,RENAULT,KANGOO VAN E-TECH ELECTRIC,ELECTRICO,205327,2024,2024-11-29,0,1505,4500426773,CGAC,,X,CATALUÑA,VF1RFK00573824794,5.6,10,17.3,15815,6120.405,N1,5607.998999999999,CORRECTO ALQUILER
CAE500131,CAE500131,8497MPH,X,,X,,X,X,,AYVENS,3,ALQUILER,DEVUELTO,2024-08-01,2024-12-31,152,2024,7,DIESEL,RENAULT,EXPRESS 1.5 DCI 95 CV,1505,"CIA.GRAL.AIGÜES D CATALUNYA,SA",355470,29,Barcelona,Barcelona,Cataluña,Aribau 112,UTM 31 ETRS89,429520.47  4582478.80,9626426DF2892F0001ZO,Sustitución de vehículo de combustión por eléctrico,8618MWT,RENAULT,KANGOO VAN E-TECH ELECTRIC,ELECTRICO,205567,2024,2024-11-29,0,1505,4500426845,CGAC,,X,CATALUÑA,VF1RFK00X73824807,5.6,10,17.3,15815,6120.405,N1,5607.998999999999,CORRECTO ALQUILER
CAE500132,CAE500132,5875KPY,X,X,X,,x,x,,NORTHGATE,3,ALQUILER,DEVUELTO,2023-02-01,2023-06-30,149,2023,7,DIESEL,FIAT,FIORINO 1.3 MULTIJET 80 CV,1505,"CIA.GRAL.AIGÜES D CATALUNYA,SA",725485,30,Barcelona,Barcelona,Cataluña,Aribau 112,UTM 31 ETRS89,429520.47  4582478.80,9626426DF2892F0001ZO,Sustitución de vehículo de combustión por eléctrico,2340MGR,OPEL,VIVARO E-FURGON,ELECTRICO,725465,2023,2023-05-05,0,1505,4500351860,CGAC,,X,CATALUÑA,VXEV1ZKXZPZ019575,5.6,10,28.1,15815,4412.384999999999,N1,5607.998999999999,CORRECTO ALQUILER
CAE500133,CAE500133,0360KLY,X,X,X,,X,X,,AYVENS,3,ALQUILER,DEVUELTO,2023-12-22,2024-01-30,39,2024,7,DIESEL,RENAULT,KANGOO,1021,MEDICION AVANZADA CONTAD.,357712,10,Valencia,Valencia,Comunidad Valenciana,Gran Vía Marques del Turia 19,UTM 30 ETRS89,726043.16  4371771.79,6019215YJ2761G0001XI,Sustitución de vehículo de combustión por eléctrico,0693MWT,RENAULT,KANGOO VAN E-TECH ELECTRIC,ELECTRICO,357706,2024,2024-11-29,0,1021,4500426790,MEDICION AVANZADA CONTAD.,,X,COMUNIDAD VALENCIANA,VF1RFK00873824837,5.6,10,17.3,15815,6120.405,N1,5607.998999999999,CORRECTO ALQUILER
CAE500134,CAE500134,0824MCY,X,X,X,,X,X,,AYVENS,3,ALQUILER,DEVUELTO,2023-02-17,2023-05-11,83,2023,7,DIESEL,SKODA,KAROQ 2.0 TDI 150 CV DSG,1505,"CIA.GRAL.AIGÜES D CATALUNYA,SA",205051,31,Barcelona,Barcelona,Cataluña,Aribau 112,UTM 31 ETRS89,429520.47  4582478.80,9626426DF2892F0001ZO,Sustitución de vehículo de combustión por eléctrico,0800MJM,PEUGEOT,E-PARTNER PRO 100 KW,ELECTRICO,725455,2023,2023-07-26,0,1505,4500370224,CGAC,,X,CATALUÑA,VR3EAZKXZPJ701039,5.1,10,22.7,13073,3699.6590000000006,M1,6795.3454,CORRECTO ALQUILER
CAE500135,,9083LCH,,,,,,,,AYVENS,1,RENTING,CANCELADO POR SINIESTRO,43795,2024-11-26,1827,1905-07-16,6,DIESEL,OPEL,GRANDLAND X 1.5 CDTI 130 CV,1591,EMP.MUN.SERVEIS PUBLICS,201591,2,,,,,,,,,,,,,,,,,,,,,,,,,,,53508,,,,FALSO ALQUILER
CAE500136,CAE500136,2653LTG,X,X,X,,x,x,,AYVENS,3,ALQUILER,DEVUELTO,2024-05-08,2024-06-07,30,2024,7,DIESEL,SEAT,LEON 2.0 TDI,1004,G.O.MEDIOAMBIENTE S.L.,900074,6,Valencia,Valencia,Comunidad Valenciana,Gran Vía Marques del Turia 17,UTM 30 ETRS89,726013.62  4371779.06,6019216YJ2761G0001II,Sustitución de vehículo de combustión por eléctrico,6439MWV,CITROEN,Ë-C3 ELÉCTRICO MAX,ELECTRICO,200101,2024,2024-11-29,0,1004,4500424787,G.O.MEDIOAMBIENTE S.L.,,X,COMUNIDAD VALENCIANA,VR7CBZYA6RT152219,5.1,10,16.4,13073,4523.258000000001,M1,6795.3454,CORRECTO ALQUILER
CAE500137,CAE500137,3452LZP,X,,X,,X,X,,TLM,3,ALQUILER,DEVUELTO,2022-10-27,2023-02-07,103,2023,7,DIESEL,RENAULT,MASTER L2H2 2.3 DCI 135 CV,1066,CANALIZ. CIVILES S.A.,356016,9,Valencia,Valencia,Comunidad Valenciana,Llanterners 3,UTM 30 ETRS89,723014.22  4371274.90,3114104YJ2731C0001SY,Sustitución de vehículo de combustión por eléctrico,0682MWF,NISSAN,TOWNSTAR,ELECTRICO,356001,2024,2024-11-12,1,1066,4500421017,CANALIZ. CIVILES S.A.,,X,COMUNIDAD VALENCIANA,VNVNFK00171491645,5.6,10,20,15815,5693.4,N1,5607.998999999999,CORRECTO ALQUILER
CAE500138,CAE500138,6529LTJ,X,X,X,,x,x,,AYVENS,3,ALQUILER,DEVUELTO,2024-02-28,2024-04-24,56,2024,7,DIESEL,RENAULT,MEGANE DCI 115 CV,1004,G.O.MEDIOAMBIENTE S.L.,10049946,7,Valencia,Valencia,Comunidad Valenciana,Gran Vía Marques del Turia 17,UTM 30 ETRS89,726013.62  4371779.06,6019216YJ2761G0001II,Sustitución de vehículo de combustión por eléctrico,3116MXJ,RENAULT,KANGOO VAN E-TECH ELECTRIC,ELECTRICO,724362,2024,2024-12-23,0,1004,4500426850,G.O.MEDIOAMBIENTE S.L.,,X,COMUNIDAD VALENCIANA,VF1RFK00673934284,5.1,10,17.3,13073,4405.601000000001,M1,6795.3454,CORRECTO ALQUILER
CAE500139,CAE500139,0289LJZ,X,,X,,x,x,,AYVENS,3,ALQUILER,DEVUELTO,2024-05-10,2024-06-30,51,2024,7,DIESEL,RENAULT,MEGANE DCI 115 CV,1064,AYWA SER.AMBIENTALES SL,DEFINIR,2,Valencia,Valencia,Comunidad Valenciana,Gran Vía Marques del Turia 19,UTM 30 ETRS89,726043.16  4371771.79,6019215YJ2761G0001XI,Sustitución de vehículo de combustión por eléctrico,3103MXJ,RENAULT,KANGOO VAN E-TECH ELECTRIC,ELECTRICO,10649080,2024,2024-12-23,0,1064,X,AYWA SER.AMBIENTALES SL,,X,COMUNIDAD VALENCIANA,VF1RFK00373934288,5.1,10,17.3,13073,4405.601000000001,M1,6795.3454,CORRECTO ALQUILER
CAE500140,,1947KMM,,,,,,,,AYVENS,3,ALQUILER,DEVUELTO,2023-02-01,2023-02-01,0,2023,7,DIESEL,NISSAN,NV 200 1.5 DCI 90 CV,1505,"CIA.GRAL.AIGÜES D CATALUNYA,SA",725485,32,Barcelona,Barcelona,Cataluña,Aribau 112,UTM 31 ETRS89,429520.47  4582478.80,9626426DF2892F0001ZO,Sustitución de vehículo de combustión por eléctrico,0477MGW,OPEL,VIVARO E-FURGON,ELECTRICO,725485,2023,2023-05-17,0,1505,4500352857,CGAC,,X,CATALUÑA,VXEV1ZKXZPZ019579,5.6,10,28.1,15815,4412.384999999999,N1,0,FALSO ALQUILER
CAE500141,CAE500141,9763LDB,X,,X,,X,X,,AYVENS,1,RENTING,DEVUELTO,43819,2023-12-20,1461,2023,7,DIESEL,OPEL,GRANDLAND X 1.5 CDTI 130 CV,1001,AGUAS DE VALENCIA SA,10019700,17,Valencia,Valencia,Comunidad Valenciana,Gran Vía Marques del Turia 19,UTM 30 ETRS89,726043.16  4371771.79,6019215YJ2761G0001XI,Sustitución de vehículo de combustión por eléctrico,2732MWP,CITROEN,Ë-C3 ELÉCTRICO MAX,ELECTRICO,10019060,2024,2024-11-26,1,1001,4500424775,AVSA,,X,COMUNIDAD VALENCIANA,VR7CBZYA6RT152186,5.1,10,16.4,13073,4523.258000000001,M1,6795.3454,CORRECTO ALQUILER
CAE500142,,9197LKX,,,,,,,,AYVENS,1,RENTING,CANCELADO POR SINIESTRO,44166,2024-12-01,1461,1905-07-16,6,DIESEL,VOLKSWAGEN,CADDY 4*4 2.0 TDI 122 CV,1400,EGEVASA,200722,7,,,,,,,,,,,,,,,,,,,,,,,,,,,53508,,,,FALSO ALQUILER
CAE500143,CAE500143,9504LDD,X,,X,,X,X,,AYVENS,1,RENTING,DEVUELTO,43819,2024-12-20,1827,2024,7,DIESEL,OPEL,GRANDLAND X 1.5 CDTI 130 CV,1001,AGUAS DE VALENCIA SA,10019931,18,Valencia,Valencia,Comunidad Valenciana,Gran Vía Marques del Turia 19,UTM 30 ETRS89,726043.16  4371771.79,6019215YJ2761G0001XI,Sustitución de vehículo de combustión por eléctrico,6097MWV,CITROEN,Ë-C3 ELÉCTRICO MAX,ELECTRICO,200300,2024,2024-11-29,0,1001,4500424813,AVSA,,X,COMUNIDAD VALENCIANA,VR7CBZYA1RT152192,5.1,10,16.4,13073,4523.258000000001,M1,6795.3454,CORRECTO ALQUILER
CAE500144,CAE500144,9106LCH,X,X,X,,X,X,,AYVENS,1,RENTING,DEVUELTO,43803,2023-12-27,1484,2023,7,DIESEL,OPEL,GRANDLAND X 1.5 CDTI 130 CV,1505,"CIA.GRAL.AIGÜES D CATALUNYA,SA",15059580,33,Barcelona,Barcelona,Cataluña,Aribau 112,UTM 31 ETRS89,429520.47  4582478.80,9626426DF2892F0001ZO,Sustitución de vehículo de combustión por eléctrico,2076MJP,RENAULT,KANGOO VAN E-TECH,ELECTRICO,725441,2023,2023-07-28,0,1505,4500370370,CGAC,,X,CATALUÑA,VF1RFK00370927245,5.1,10,17.3,13073,4405.601000000001,M1,6795.3454,CORRECTO ALQUILER
CAE500145,CAE500145,3447KFH,X,X,X,,x,x,,NORTHGATE,3,ALQUILER,DEVUELTO,2023-02-01,2023-09-19,230,2023,7,DIESEL,NISSAN,NV 200 1.5 DCI 90 CV,1505,"CIA.GRAL.AIGÜES D CATALUNYA,SA",725485,34,Barcelona,Barcelona,Cataluña,Aribau 112,UTM 31 ETRS89,429520.47  4582478.80,9626426DF2892F0001ZO,Sustitución de vehículo de combustión por eléctrico,8697MCZ,RENAULT,KANGOO VAN E-TECH,ELECTRICO,725586,2023,2022-12-27,0,1505,4500348765,CGAC,,X,CATALUÑA,VF1RFK00869330327,5.6,10,17.3,15815,6120.405,N1,5607.998999999999,CORRECTO ALQUILER
CAE500146,,5002LLF,,,,,,,,AYVENS,1,RENTING,DEVUELTO,44176,2024-12-11,1461,1905-07-16,7,DIESEL,VOLKSWAGEN,CADDY 4*4 2.0 TDI 122 CV,1019,MORELLA,200319,1,,,,,,,,,,,,,,,,,,,,,,,,,,,53508,,,,FALSO ALQUILER
CAE500147,CAE500147,5682FHK,,,,X,X,X,X,PROPIEDAD,5,PROPIEDAD,CANCELADO,2013-12-30,2023-02-14,3333,2023,4,DIESEL,NISSAN,INTERSTAR,1066,CANALIZ. CIVILES S.A.,356011,10,Valencia,Valencia,Comunidad Valenciana,Llanterners 3,UTM 30 ETRS89,723014.22  4371274.90,3114104YJ2731C0001SY,Sustitución de vehículo de combustión por eléctrico,6005MWV,CITROEN,Ë-C3 ELÉCTRICO MAX,ELECTRICO,356001,2024,2024-11-29,1,1066,4500424804,CANALIZ. CIVILES S.A.,,X,COMUNIDAD VALENCIANA,VR7CBZYA1RT152211,5.6,10,16.4,15815,6262.740000000001,N1,5607.998999999999,CORRECTO PROPIEDAD
CAE500148,CAE500148,1947LMM,X,X,X,,x,x,,NORTHGATE,3,ALQUILER,DEVUELTO,2023-04-01,2023-09-19,171,2023,7,DIESEL,NISSAN,NV250 1.5 DCI L1H1 95 CV,1505,"CIA.GRAL.AIGÜES D CATALUNYA,SA",725485,35,Barcelona,Barcelona,Cataluña,Aribau 112,UTM 31 ETRS89,429520.47  4582478.80,9626426DF2892F0001ZO,Sustitución de vehículo de combustión por eléctrico,8867KDN,RENAULT,ZOE 40,ELECTRICO,725565,2023,2023-01-03,0,1505,4500350425,CGAC,,X,CATALUÑA,VF1AGVYC058921493,5.6,10,13.3,15815,6753.005000000001,N1,5607.998999999999,CORRECTO ALQUILER
CAE500149,CAE500149,9977LLM,X,X,X,,X,X,,AYVENS,1,RENTING,DEVUELTO,44244,2025-02-17,1461,2025,7,DIESEL,RENAULT,KANGOO 1.5 DCI 95 CV KOMBI,1004,G.O.MEDIOAMBIENTE S.L.,354093,8,Valencia,Valencia,Comunidad Valenciana,Gran Vía Marques del Turia 17,UTM 30 ETRS89,726013.62  4371779.06,6019216YJ2761G0001II,Sustitución de vehículo de combustión por eléctrico,6559MWV,CITROEN,Ë-C3 ELÉCTRICO MAX,ELECTRICO,724358,2024,2024-11-29,-1,1004,4500425488,G.O.MEDIOAMBIENTE S.L.,,X,COMUNIDAD VALENCIANA,VR7CBZYA2RT153044,5.6,10,16.4,15815,6262.740000000001,N1,6795.3454,CORRECTO ALQUILER
CAE500150,CAE500150,3595KDF,X,X,X,,x,x,,NORTHGATE,3,ALQUILER,DEVUELTO,2023-02-01,2023-06-30,149,2023,7,DIESEL,PEUGEOT,PARTNER 1.6 HDI 75 CV,1505,"CIA.GRAL.AIGÜES D CATALUNYA,SA",725485,36,Barcelona,Barcelona,Cataluña,Aribau 112,UTM 31 ETRS89,429520.47  4582478.80,9626426DF2892F0001ZO,Sustitución de vehículo de combustión por eléctrico,2343MGR,OPEL,VIVARO E-FURGON,ELECTRICO,725485,2023,2023-05-05,0,1505,4500352577,CGAC,,X,CATALUÑA,VXEV1ZKXZPZ019576,5.6,10,28.1,15815,4412.384999999999,N1,5607.998999999999,CORRECTO ALQUILER
CAE500151,CAE500151,5919LKM,X,,X,,X,X,,AYVENS,1,RENTING,DEVUELTO,44140,2024-11-05,1461,2024,7,DIESEL,SEAT,LEON 1.6 TDI 115 CV,1001,AGUAS DE VALENCIA SA,200783,19,Valencia,Valencia,Comunidad Valenciana,Gran Vía Marques del Turia 19,UTM 30 ETRS89,726043.16  4371771.79,6019215YJ2761G0001XI,Sustitución de vehículo de combustión por eléctrico,6055MWV,CITROEN,Ë-C3 ELÉCTRICO MAX,ELECTRICO,200590,2024,2024-11-29,0,1001,4500424803,AVSA,,X,COMUNIDAD VALENCIANA,VR7CBZYAXRT152188,5.1,10,16.4,13073,4523.258000000001,M1,6795.3454,CORRECTO ALQUILER
CAE500152,CAE500152,7229LKV,X,X,X,,X,X,,AYVENS,1,RENTING,DEVUELTO,44151,2024-11-16,1461,2024,7,DIESEL,SEAT,LEON 1.6 TDI 115 CV,1001,AGUAS DE VALENCIA SA,200738,20,Valencia,Valencia,Comunidad Valenciana,Gran Vía Marques del Turia 19,UTM 30 ETRS89,726043.16  4371771.79,6019215YJ2761G0001XI,Sustitución de vehículo de combustión por eléctrico,6084MWV,CITROEN,Ë-C3 ELÉCTRICO MAX,ELECTRICO,200542,2024,2024-11-29,0,1001,4500424818,AVSA,,X,COMUNIDAD VALENCIANA,VR7CBZYA5RT152194,5.1,10,16.4,13073,4523.258000000001,M1,6795.3454,CORRECTO ALQUILER
CAE500153,CAE500153,5996LKM,X,,X,,X,X,,AYVENS,1,RENTING,DEVUELTO,44140,2024-11-05,1461,2024,7,DIESEL,SEAT,LEON 1.6 TDI 115 CV,1066,CANALIZ. CIVILES S.A.,10669120,11,Valencia,Valencia,Comunidad Valenciana,Llanterners 3,UTM 30 ETRS89,723014.22  4371274.90,3114104YJ2731C0001SY,Sustitución de vehículo de combustión por eléctrico,8647MWT,RENAULT,KANGOO VAN E-TECH ELECTRIC,ELECTRICO,10669105,2024,2024-11-29,0,1066,4500426761,CANALIZ. CIVILES S.A.,,X,COMUNIDAD VALENCIANA,VF1RFK00173824808,5.1,10,17.3,13073,4405.601000000001,M1,6795.3454,CORRECTO ALQUILER
CAE500154,CAE500154,0019LLR,X,X,X,,X,X,,AYVENS,1,RENTING,DEVUELTO,44223,2025-01-27,1461,2025,7,DIESEL,SEAT,LEON 1.6 TDI 115 CV,1505,"CIA.GRAL.AIGÜES D CATALUNYA,SA",15059580,37,Barcelona,Barcelona,Cataluña,Aribau 112,UTM 31 ETRS89,429520.47  4582478.80,9626426DF2892F0001ZO,Sustitución de vehículo de combustión por eléctrico,8619MWT,RENAULT,KANGOO VAN E-TECH ELECTRIC,ELECTRICO,205359,2024,2024-11-29,-1,1505,4500426770,CGAC,,X,CATALUÑA,VF1RFK00873824790,5.1,10,17.3,13073,4405.601000000001,M1,6795.3454,CORRECTO ALQUILER
CAE500155,CAE500155,4535KFH,X,X,X,,x,x,,NORTHGATE,3,ALQUILER,DEVUELTO,2023-02-01,2023-09-19,230,2023,7,DIESEL,PEUGEOT,PARTNER 1.6 HDI 75 CV,1505,"CIA.GRAL.AIGÜES D CATALUNYA,SA",725485,38,Barcelona,Barcelona,Cataluña,Aribau 112,UTM 31 ETRS89,429520.47  4582478.80,9626426DF2892F0001ZO,Sustitución de vehículo de combustión por eléctrico,8675MCZ,RENAULT,KANGOO VAN E-TECH,ELECTRICO,725586,2023,2022-12-27,0,1505,4500348763,CGAC,,X,CATALUÑA,VF1RFK00569907668,5.6,10,17.3,15815,6120.405,N1,5607.998999999999,CORRECTO ALQUILER
CAE500156,CAE500156,9191HTG,X,,,X,,X,X,PROPIEDAD,5,PROPIEDAD,CANCELADO,2013-09-27,2024-09-26,4017,2024,4,GASOLINA,PIAGGIO,LIBERTY 125 CC,1021,MEDICION AVANZADA CONTAD.,357108,11,Valencia,Valencia,Comunidad Valenciana,Gran Vía Marques del Turia 19,UTM 30 ETRS89,726043.16  4371771.79,6019215YJ2761G0001XI,Sustitución de vehículo de combustión por eléctrico,4000MWL,NISSAN,TOWNSTAR,ELECTRICO,357108,2024,2024-11-20,0,1021,4500423383,MEDICION AVANZADA CONTAD.,,X,COMUNIDAD VALENCIANA,VNVNFK00071492253,2.9,9.19,20,2831,188.28980999999987,L3e,617.4694099999999,FALSO PROPIEDAD
CAE500157,CAE500157,0297JBF,X,,,X,X,X,,PROPIEDAD,5,PROPIEDAD,CANCELADO,2014-11-17,2024-10-14,3619,2024,4,GASOLINA,PIAGGIO,LIBERTY 125 CC,1021,MEDICION AVANZADA CONTAD.,357706,12,Valencia,Valencia,Comunidad Valenciana,Gran Vía Marques del Turia 19,UTM 30 ETRS89,726043.16  4371771.79,6019215YJ2761G0001XI,Sustitución de vehículo de combustión por eléctrico,4004MWL,NISSAN,TOWNSTAR,ELECTRICO,357708,2024,2024-11-20,0,1021,4500423228,MEDICION AVANZADA CONTAD.,,X,COMUNIDAD VALENCIANA,VNVNFK00571491972,2.9,9.19,20,2831,188.28980999999987,L3e,617.4694099999999,CORRECTO PROPIEDAD
CAE500158,,5478LLD,,,,,,,,AYVENS,1,RENTING,CANCELADO POR SINIESTRO,44196,2024-12-31,1461,2024,6,DIESEL,VOLKSWAGEN,CADDY 4*4 2.0 TDI 122 CV KOMBI,1400,EGEVASA,368540,8,,,,,,,,,,,,,,,,,,,,,,,,,,,53508,,,,FALSO ALQUILER
CAE500159,CAE500159,9244JFB,,,,X,X,X,,PROPIEDAD,5,PROPIEDAD,CANCELADO,2015-04-28,2024-09-23,3436,2024,4,GASOLINA,PIAGGIO,LIBERTY 125 CC,1021,MEDICION AVANZADA CONTAD.,357706,13,Valencia,Valencia,Comunidad Valenciana,Gran Vía Marques del Turia 19,UTM 30 ETRS89,726043.16  4371771.79,6019215YJ2761G0001XI,Sustitución de vehículo de combustión por eléctrico,0700MWT,RENAULT,KANGOO VAN E-TECH ELECTRIC,ELECTRICO,357708,2024,2024-11-29,0,1021,4500426792,MEDICION AVANZADA CONTAD.,,X,COMUNIDAD VALENCIANA,VF1RFK00X73824841,2.9,9.19,17.3,2831,264.7268099999999,L3e,617.4694099999999,CORRECTO PROPIEDAD
CAE500160,CAE500160,0305JBF,X,,,X,X,X,X,PROPIEDAD,5,PROPIEDAD,CANCELADO,2014-11-17,2024-09-26,3601,2024,4,GASOLINA,PIAGGIO,LIBERTY 125 CC,1021,MEDICION AVANZADA CONTAD.,357706,14,Valencia,Valencia,Comunidad Valenciana,Gran Vía Marques del Turia 19,UTM 30 ETRS89,726043.16  4371771.79,6019215YJ2761G0001XI,Sustitución de vehículo de combustión por eléctrico,0701MWT,RENAULT,KANGOO VAN E-TECH ELECTRIC,ELECTRICO,357706,2024,2024-11-29,0,1021,4500426840,MEDICION AVANZADA CONTAD.,,X,COMUNIDAD VALENCIANA,VF1RFK00573824844,2.9,9.19,17.3,2831,264.7268099999999,L3e,617.4694099999999,CORRECTO PROPIEDAD
CAE500161,CAE500161,2042MSX,X,,,,X,X,,MALCO,3,ALQUILER,DEVUELTO,2024-09-06,2024-12-05,90,2024,7,DIESEL,PEUGEOT,PARTNER 2024 STANDARD,1004,G.O.MEDIOAMBIENTE S.L.,200101,9,Valencia,Valencia,Comunidad Valenciana,Gran Vía Marques del Turia 17,UTM 30 ETRS89,726013.62  4371779.06,6019216YJ2761G0001II,Sustitución de vehículo de combustión por eléctrico,6444MWV,CITROEN,Ë-C3 ELÉCTRICO MAX,ELECTRICO,204427,2024,2024-11-29,0,1004,4500424800,G.O.MEDIOAMBIENTE S.L.,,X,COMUNIDAD VALENCIANA,VR7CBZYA4RT154440,5.6,10,16.4,15815,6262.740000000001,N1,5607.998999999999,FALSO ALQUILER
CAE500162,CAE500162,2056MSX,X,,,,X,X,,MALCO,3,ALQUILER,DEVUELTO,2024-09-06,2024-12-05,90,2024,7,DIESEL,PEUGEOT,PARTNER 2024 STANDARD,1004,G.O.MEDIOAMBIENTE S.L.,200101,10,Valencia,Valencia,Comunidad Valenciana,Gran Vía Marques del Turia 17,UTM 30 ETRS89,726013.62  4371779.06,6019216YJ2761G0001II,Sustitución de vehículo de combustión por eléctrico,6558MWV,CITROEN,Ë-C3 ELÉCTRICO MAX,ELECTRICO,724361,2024,2024-11-29,0,1004,4500424799,G.O.MEDIOAMBIENTE S.L.,,X,COMUNIDAD VALENCIANA,VR7CBZYA0RT153043,5.6,10,16.4,15815,6262.740000000001,N1,5607.998999999999,FALSO ALQUILER
CAE500163,CAE500163,6994KGK,X,,X,,,,,AYVENS,3,ALQUILER,DEVUELTO,2021-09-13,2023-12-01,809,2023,7,GASOLINA,PEUGEOT,208 1.2 82 CV,1004,G.O.MEDIOAMBIENTE S.L.,350468,11,Valencia,Valencia,Comunidad Valenciana,Gran Vía Marques del Turia 17,UTM 30 ETRS89,726013.62  4371779.06,6019216YJ2761G0001II,Sustitución de vehículo de combustión por eléctrico,1165MSX,NISSAN,TOWNSTAR,ELECTRICO,724557,2024,2024-07-10,1,1004,4500407445,G.O.MEDIOAMBIENTE S.L.,,X,COMUNIDAD VALENCIANA,VNVNFK00671230883,5.1,9.19,20,13073,3512.584369999999,M1,7136.433042999999,FALSO ALQUILER
CAE500164,CAE500164,2138CTS,,,,,,,,CEDIDO,6,"CEDIDO (por ayto, planta.",CANCELADO,45444,2024-06-01,0,2024,4,DIESEL,IVECO,ML 180,1505,"CIA.GRAL.AIGÜES D CATALUNYA,SA",725498,39,Barcelona,Barcelona,Cataluña,Aribau 112,UTM 31 ETRS89,429520.47  4582478.80,9626426DF2892F0001ZO,Sustitución de vehículo de combustión por eléctrico,6398MWV,CITROEN,Ë-C3 ELÉCTRICO MAX,ELECTRICO,355577,2024,2024-11-29,0,1505,4500424827,CGAC,,X,CATALUÑA,VR7CBZYA9RT152196,5.6,10,16.4,15815,6262.740000000001,N1,123854.9676,FALSO ALQUILER
CAE500165,CAE500165,0351JWC,X,X,X,,x,X,,AYVENS,1,RENTING,DEVUELTO,42747,2023-08-31,2422,2023,7,DIESEL,OPEL,MOVANO 2.3 CDTI 130 CV,1400,EGEVASA,14009609,9,Valencia,Valencia,Comunidad Valenciana,"Gran Vía Marqués del Turia, 17-1º-4",UTM 30 ETRS89,726013.62  4371779.06,6019216YJ2761G0003PP,Sustitución de vehículo de combustión por eléctrico,3157MXJ,RENAULT,KANGOO VAN E-TECH ELECTRIC,ELECTRICO,368540,2024,2024-12-23,1,1400,4500427622,EGEVASA,,X,COMUNIDAD VALENCIANA,VF1RFK00373824857,5.6,10,17.3,15815,6120.405,N1,5607.998999999999,CORRECTO ALQUILER
CAE500166,,3200LLY,,,,,,,,AYVENS,1,RENTING,CANCELADO POR SINIESTRO,44224,2025-01-28,1461,1905-07-17,6,DIESEL,PEUGEOT,PARTNER 1.5 HDI 98 CV,1400,EGEVASA,208374,10,,,,,,,,,,,,,,,,,,,,,,,,,,,53508,,,,FALSO ALQUILER
CAE500167,CAE500167,4450LLV,,X,X,,,,,VWRENTING,1,RENTING,DEVUELTO,44203,2025-01-07,1461,2025,7,DIESEL,VOLKSWAGEN,MULTIVAN 2.0 TDI 198 CV,1001,AGUAS DE VALENCIA SA,10019931,21,Valencia,Valencia,Comunidad Valenciana,Gran Vía Marques del Turia 19,UTM 30 ETRS89,726043.16  4371771.79,6019215YJ2761G0001XI,Sustitución de vehículo de combustión por eléctrico,6271MXF,RENAULT,KANGOO VAN E-TECH ELECTRIC,ELECTRICO,200599,2024,2024-12-19,-1,1001,4500426868,AVSA,,X,COMUNIDAD VALENCIANA,VF1RFK00173934256,5.6,10,17.3,15815,6120.405,N1,6795.3454,FALSO ALQUILER
CAE500168,CAE500168,2675KGJ,X,,X,,,,,AYVENS,3,ALQUILER,DEVUELTO,2021-07-15,2023-10-31,838,2023,7,GASOLINA,PEUGEOT,208 1.2 82 CV,1004,G.O.MEDIOAMBIENTE S.L.,350468,12,Valencia,Valencia,Comunidad Valenciana,Gran Vía Marques del Turia 17,UTM 30 ETRS89,726013.62  4371779.06,6019216YJ2761G0001II,Sustitución de vehículo de combustión por eléctrico,9605MMH,RENAULT,KANGOO VAN E-TECH,ELECTRICO,724378,2023,2023-12-22,0,1004,4500389150,G.O.MEDIOAMBIENTE S.L.,,X,COMUNIDAD VALENCIANA,VF1RFK00770927247,5.1,9.19,17.3,13073,3865.5553699999987,M1,7136.433042999999,FALSO ALQUILER
CAE500169,CAE500169,2678KGJ,X,,X,,,,,AYVENS,3,ALQUILER,DEVUELTO,2021-08-03,2023-11-03,822,2023,7,GASOLINA,PEUGEOT,208 1.2 82 CV,1004,G.O.MEDIOAMBIENTE S.L.,350468,13,Valencia,Valencia,Comunidad Valenciana,Gran Vía Marques del Turia 17,UTM 30 ETRS89,726013.62  4371779.06,6019216YJ2761G0001II,Sustitución de vehículo de combustión por eléctrico,1108KHK,RENAULT,ZOE 40,ELECTRICO,724557,2024,2024-07-08,1,1004,4500408050,G.O.MEDIOAMBIENTE S.L.,,X,COMUNIDAD VALENCIANA,VF1AGVYF059267966,5.1,9.19,13.3,13073,4388.475369999998,M1,7136.433042999999,FALSO ALQUILER
CAE500170,CAE500170,4533JFF,X,,X,,,,,TLM,3,ALQUILER,DEVUELTO,2021-03-05,2023-02-09,706,2023,7,DIESEL,PEUGEOT,BOXER 110 CV,1066,CANALIZ. CIVILES S.A.,10669101,12,Valencia,Valencia,Comunidad Valenciana,Llanterners 3,UTM 30 ETRS89,723014.22  4371274.90,3114104YJ2731C0001SY,Sustitución de vehículo de combustión por eléctrico,5665MWP,CITROEN,Ë-C3 ELÉCTRICO MAX,ELECTRICO,10669100,2024,2024-11-26,1,1066,4500424795,CANALIZ. CIVILES S.A.,,X,COMUNIDAD VALENCIANA,VR7CBZYA3RT152209,5.6,10,16.4,15815,6262.740000000001,N1,5607.998999999999,FALSO ALQUILER
CAE500171,CAE500171,9305LMG,X,,X,,x,x,,AYVENS,1,RENTING,CANCELADO POR SINIESTRO,44263,2024-05-07,1156,2024,6,DIESEL,PEUGEOT,PARTNER 1.5 HDI 98 CV,1053,"IMPL.SISTEMAS DE GESTION, S.L.",355458,9,Valencia,Valencia,Comunidad Valenciana,Gran Vía Marques del Turia 19,UTM 30 ETRS89,726043.16  4371771.79,6019215YJ2761G0001XI,Sustitución de vehículo de combustión por eléctrico,6126MWV,CITROEN,Ë-C3 ELÉCTRICO MAX,ELECTRICO,355528,2024,2024-11-29,0,1053,4500424816,ISG,,X,COMUNIDAD VALENCIANA,VR7CBZYAXRT154443,5.6,10,16.4,15815,6262.740000000001,N1,5607.998999999999,CORRECTO ALQUILER
CAE500172,CAE500172,5937LLV,X,,X,,x,x,,AYVENS,1,RENTING,CANCELADO POR SINIESTRO,44270,2025-03-15,1461,2025,6,DIESEL,PEUGEOT,PARTNER 1.5 HDI 98 CV,1001,AGUAS DE VALENCIA SA,100599,22,Valencia,Valencia,Comunidad Valenciana,Gran Vía Marques del Turia 19,UTM 30 ETRS89,726043.16  4371771.79,6019215YJ2761G0001XI,Sustitución de vehículo de combustión por eléctrico,6102MWV,CITROEN,Ë-C3 ELÉCTRICO MAX,ELECTRICO,200599,2024,2024-11-29,-1,1001,4500424815,AVSA,,X,COMUNIDAD VALENCIANA,VR7CBZYA3RT152193,5.6,10,16.4,15815,6262.740000000001,N1,5607.998999999999,CORRECTO ALQUILER
CAE500173,CAE500173,7001LLV,X,,X,,x,x,,AYVENS,1,RENTING,DEVUELTO,44224,2025-01-28,1461,2025,7,DIESEL,PEUGEOT,PARTNER 1.5 HDI 98 CV,1021,MEDICION AVANZADA CONTAD.,357708,15,Valencia,Valencia,Comunidad Valenciana,Gran Vía Marques del Turia 19,UTM 30 ETRS89,726043.16  4371771.79,6019215YJ2761G0001XI,Sustitución de vehículo de combustión por eléctrico,9546MWW,CITROEN,Ë-C3 ELÉCTRICO MAX,ELECTRICO,357108,2024,2024-12-04,-1,1021,4500424817,MEDICION AVANZADA CONTAD.,,X,COMUNIDAD VALENCIANA,VR7CBZYA4RT152199,5.6,10,16.4,15815,6262.740000000001,N1,5607.998999999999,CORRECTO ALQUILER
CAE500174,CAE500174,5949LLV,X,,X,,x,x,,AYVENS,1,RENTING,DEVUELTO,44263,2025-03-31,1484,2025,7,DIESEL,PEUGEOT,PARTNER 1.5 HDI 98 CV,1505,"CIA.GRAL.AIGÜES D CATALUNYA,SA",205351,40,Barcelona,Barcelona,Cataluña,Aribau 112,UTM 31 ETRS89,429520.47  4582478.80,9626426DF2892F0001ZO,Sustitución de vehículo de combustión por eléctrico,8994MSH,NISSAN,TOWNSTAR,ELECTRICO,725498,2024,2024-06-20,-1,1505,4500406593,CGAC,,X,CATALUÑA,VNVNFK00770531118,5.6,10,20,15815,5693.4,N1,5607.998999999999,CORRECTO ALQUILER
CAE500175,CAE500175,4926LMS,X,,X,,x,x,,AYVENS,1,RENTING,CANCELADO POR SINIESTRO,44291,2025-04-05,1461,2025,6,DIESEL,PEUGEOT,PARTNER 1.5 HDI 98 CV,1001,AGUAS DE VALENCIA SA,200567,23,Valencia,Valencia,Comunidad Valenciana,Gran Vía Marques del Turia 19,UTM 30 ETRS89,726043.16  4371771.79,6019215YJ2761G0001XI,Sustitución de vehículo de combustión por eléctrico,6334MXF,RENAULT,KANGOO VAN E-TECH ELECTRIC,ELECTRICO,200599,2024,2024-12-19,-1,1001,4500426867,AVSA,,X,COMUNIDAD VALENCIANA,VF1RFK00073934281,5.6,10,17.3,15815,6120.405,N1,5607.998999999999,CORRECTO ALQUILER
CAE500176,CAE500176,5918LLV,X,,X,,x,x,,AYVENS,1,RENTING,CANCELADO POR SINIESTRO,44224,2025-01-28,1461,2025,6,DIESEL,PEUGEOT,PARTNER 1.5 HDI 98 CV,1053,"IMPL.SISTEMAS DE GESTION, S.L.",355528,10,Valencia,Valencia,Comunidad Valenciana,Gran Vía Marques del Turia 19,UTM 30 ETRS89,726043.16  4371771.79,6019215YJ2761G0001XI,Sustitución de vehículo de combustión por eléctrico,8436MXG,RENAULT,KANGOO VAN E-TECH ELECTRIC,ELECTRICO,355458,2024,2024-12-20,-1,1053,4500426765,ISG,,X,COMUNIDAD VALENCIANA,VF1RFK00173934306,5.6,10,17.3,15815,6120.405,N1,5607.998999999999,CORRECTO ALQUILER
CAE500177,,3189LLY,,,,,,,,AYVENS,1,RENTING,CANCELADO POR SINIESTRO,44232,2025-02-05,1461,1905-07-17,6,DIESEL,PEUGEOT,PARTNER 1.5 HDI 98 CV,1400,EGEVASA,208375,11,,,,,,,,,,,,,,,,,,,,,,,,,,,53508,,,,FALSO ALQUILER
CAE500178,,5941LLV,,,,,,,,AYVENS,1,RENTING,CANCELADO POR SINIESTRO,44232,2025-02-05,1461,1905-07-17,6,DIESEL,PEUGEOT,PARTNER 1.5 HDI 98 CV,1400,EGEVASA,358504,12,,,,,,,,,,,,,,,,,,,,,,,,,,,53508,,,,FALSO ALQUILER
CAE500179,CAE500179,3575LMF,X,,X,,x,x,,AYVENS,1,RENTING,CANCELADO POR SINIESTRO,44228,2025-02-01,1461,2025,6,DIESEL,PEUGEOT,PARTNER 1.5 HDI 98 CV,1053,"IMPL.SISTEMAS DE GESTION, S.L.",355528,11,Valencia,Valencia,Comunidad Valenciana,Gran Vía Marques del Turia 19,UTM 30 ETRS89,726043.16  4371771.79,6019215YJ2761G0001XI,Sustitución de vehículo de combustión por eléctrico,8496MXG,RENAULT,KANGOO VAN E-TECH ELECTRIC,ELECTRICO,355529,2024,2024-12-20,-1,1053,4500428761,ISG,,X,COMUNIDAD VALENCIANA,VF1RFK00973934263,5.6,10,17.3,15815,6120.405,N1,5607.998999999999,CORRECTO ALQUILER
CAE500180,CAE500180,5969LLV,X,,X,,x,x,,AYVENS,1,RENTING,CANCELADO POR SINIESTRO,44228,2025-02-01,1461,2025,6,DIESEL,PEUGEOT,PARTNER 1.5 HDI 98 CV,1009,GAMASER,351379,1,Valencia,Valencia,Comunidad Valenciana,C/Corretger 51,UTM 30 ETRS89,719008.27  4377344.83,9274309YJ1797S0001MB,Sustitución de vehículo de combustión por eléctrico,7830MXF,RENAULT,KANGOO VAN E-TECH ELECTRIC,ELECTRICO,351379,2024,2024-12-19,-1,1009,4500426871,GAMASER,,X,COMUNIDAD VALENCIANA,VF1RFK00073934295,5.6,10,17.3,15815,6120.405,N1,5607.998999999999,CORRECTO ALQUILER
CAE500181,,6744LLV,,,,,,,,AYVENS,1,RENTING,CANCELADO POR SINIESTRO,44235,2025-02-08,1461,1905-07-17,6,DIESEL,PEUGEOT,PARTNER 1.5 HDI 98 CV,1400,EGEVASA,358504,13,,,,,,,,,,,,,,,,,,,,,,,,,,,53508,,,,FALSO ALQUILER
CAE500182,,6783LLV,,,,,,,,AYVENS,1,RENTING,CANCELADO POR SINIESTRO,44235,2025-02-08,1461,1905-07-17,6,DIESEL,PEUGEOT,PARTNER 1.5 HDI 98 CV,1201,SASTESA,352088,2,,,,,,,,,,,,,,,,,,,,,,,,,,,53508,,,,FALSO ALQUILER
CAE500183,,6844LLV,,,,,,,,AYVENS,1,RENTING,DEVUELTO,44235,2025-02-08,1461,1905-07-17,7,DIESEL,PEUGEOT,PARTNER 1.5 HDI 98 CV,1400,EGEVASA,208370,14,,,,,,,,,,,,,,,,,,,,,,,,,,,53508,,,,FALSO ALQUILER
CAE500184,,5494LLD,,,,,,,,AYVENS,1,RENTING,DEVUELTO,44176,2024-12-11,1461,1905-07-16,7,DIESEL,VOLKSWAGEN,CADDY 4*4 2.0 TDI 122 CV KOMBI,1203,"E.Mixta Metropolitana, SA",101224,3,,,,,,,,,,,,,,,,,,,,,,,,,,,53508,,,,FALSO ALQUILER
CAE500185,,8313LLZ,,,,,,,,AYVENS,1,RENTING,CANCELADO,44235,2025-02-08,1461,1905-07-17,4,DIESEL,PEUGEOT,PARTNER 1.5 HDI 98 CV,1400,EGEVASA,108440,15,,,,,,,,,,,,,,,,,,,,,,,,,,,53508,,,,FALSO ALQUILER
CAE500186,,9275LMG,,,,,,,,AYVENS,1,RENTING,CANCELADO POR SINIESTRO,44235,2025-02-08,1461,1905-07-17,6,DIESEL,PEUGEOT,PARTNER 1.5 HDI 98 CV,1400,EGEVASA,208356,16,,,,,,,,,,,,,,,,,,,,,,,,,,,53508,,,,FALSO ALQUILER
CAE500187,CAE500187,6736LLV,X,X,X,,x,x,,AYVENS,1,RENTING,DEVUELTO,44228,2025-02-01,1461,2025,7,DIESEL,PEUGEOT,PARTNER 1.5 HDI 98 CV,1064,AYWA SER.AMBIENTALES SL,10649080,3,Valencia,Valencia,Comunidad Valenciana,Gran Vía Marques del Turia 19,UTM 30 ETRS89,726043.16  4371771.79,6019215YJ2761G0001XI,Sustitución de vehículo de combustión por eléctrico,3154MXJ,RENAULT,KANGOO VAN E-TECH ELECTRIC,ELECTRICO,10649080,2024,2024-12-23,-1,1064,X,AYWA SER.AMBIENTALES SL,,X,COMUNIDAD VALENCIANA,VF1RFK00673934303,5.6,10,17.3,15815,6120.405,N1,5607.998999999999,CORRECTO ALQUILER
CAE500188,CAE500188,7015LLV,X,,X,,x,x,,AYVENS,1,RENTING,CANCELADO POR SINIESTRO,44228,2025-02-01,1461,2025,6,DIESEL,PEUGEOT,PARTNER 1.5 HDI 98 CV,1064,AYWA SER.AMBIENTALES SL,10649080,4,Valencia,Valencia,Comunidad Valenciana,Gran Vía Marques del Turia 19,UTM 30 ETRS89,726043.16  4371771.79,6019215YJ2761G0001XI,Sustitución de vehículo de combustión por eléctrico,3178MXJ,RENAULT,KANGOO VAN E-TECH ELECTRIC,ELECTRICO,DEFINIR,2024,2024-12-23,-1,1064,X,AYWA SER.AMBIENTALES SL,,X,COMUNIDAD VALENCIANA,VF1RFK00573934261,5.6,10,17.3,15815,6120.405,N1,5607.998999999999,CORRECTO ALQUILER
CAE500189,CAE500189,6987LLV,X,,X,,X,X,,AYVENS,1,RENTING,CANCELADO POR SINIESTRO,44232,2025-02-05,1461,2025,6,DIESEL,PEUGEOT,PARTNER 1.5 HDI 98 CV,1064,AYWA SER.AMBIENTALES SL,10649080,5,Valencia,Valencia,Comunidad Valenciana,Gran Vía Marques del Turia 19,UTM 30 ETRS89,726043.16  4371771.79,6019215YJ2761G0001XI,Sustitución de vehículo de combustión por eléctrico,3186MXJ,RENAULT,KANGOO VAN E-TECH ELECTRIC,ELECTRICO,10649080,2024,2024-12-23,-1,1064,X,AYWA SER.AMBIENTALES SL,,X,COMUNIDAD VALENCIANA,VF1RFK00473934266,5.6,10,17.3,15815,6120.405,N1,5607.998999999999,CORRECTO ALQUILER
CAE500190,CAE500190,6741LLV,X,,X,,x,x,,AYVENS,1,RENTING,DEVUELTO,44235,2025-02-08,1461,2025,7,DIESEL,PEUGEOT,PARTNER 1.5 HDI 98 CV,1064,AYWA SER.AMBIENTALES SL,208351,6,Valencia,Valencia,Comunidad Valenciana,Gran Vía Marques del Turia 19,UTM 30 ETRS89,726043.16  4371771.79,6019215YJ2761G0001XI,Sustitución de vehículo de combustión por eléctrico,3214MXJ,RENAULT,KANGOO VAN E-TECH ELECTRIC,ELECTRICO,10649080,2024,2024-12-23,-1,1064,X,AYWA SER.AMBIENTALES SL,,X,COMUNIDAD VALENCIANA,VF1RFK00873934299,5.6,10,17.3,15815,6120.405,N1,5607.998999999999,CORRECTO ALQUILER
CAE500191,CAE500191,6794LLV,X,,X,,X,X,,AYVENS,1,RENTING,CANCELADO POR SINIESTRO,44250,2025-02-23,1461,2025,6,DIESEL,PEUGEOT,PARTNER 1.5 HDI 98 CV,1319,UTE CHIVA(AV/EG),201319,1,Valencia,Valencia,Comunidad Valenciana,Gran Vía Marques del Turia 19,UTM 30 ETRS89,726043.16  4371771.79,6019215YJ2761G0001XI,Sustitución de vehículo de combustión por eléctrico,5230MXL,RENAULT,KANGOO VAN E-TECH ELECTRIC,ELECTRICO,201319,2024,2024-12-27,-1,1319,4500426843,UTE CHIVA(AV/EG),,X,COMUNIDAD VALENCIANA,VF1RFK00773824876,5.6,10,17.3,15815,6120.405,N1,5607.998999999999,CORRECTO ALQUILER
CAE500192,CAE500192,5932LLV,X,,X,,x,x,,AYVENS,1,RENTING,DEVUELTO,44228,2025-02-28,1488,2025,7,DIESEL,PEUGEOT,PARTNER 1.5 HDI 98 CV,1505,"CIA.GRAL.AIGÜES D CATALUNYA,SA",205222,41,Barcelona,Barcelona,Cataluña,Aribau 112,UTM 31 ETRS89,429520.47  4582478.80,9626426DF2892F0001ZO,Sustitución de vehículo de combustión por eléctrico,8624MWT,RENAULT,KANGOO VAN E-TECH ELECTRIC,ELECTRICO,205567,2024,2024-11-29,-1,1505,4500426782,CGAC,,X,CATALUÑA,VF1RFK00273824798,5.6,10,17.3,15815,6120.405,N1,5607.998999999999,CORRECTO ALQUILER
CAE500193,,9416LMG,,,,,,,,AYVENS,1,RENTING,CANCELADO POR SINIESTRO,44260,2025-03-05,1461,1905-07-17,6,DIESEL,PEUGEOT,PARTNER 1.5 HDI 98 CV,1400,EGEVASA,108361,17,,,,,,,,,,,,,,,,,,,,,,,,,,,53508,,,,FALSO ALQUILER
CAE500194,CAE500194,6756LLV,X,,X,,x,x,,AYVENS,1,RENTING,CANCELADO POR SINIESTRO,44270,2025-03-15,1461,2025,6,DIESEL,PEUGEOT,PARTNER 1.5 HDI 98 CV,1505,"CIA.GRAL.AIGÜES D CATALUNYA,SA",205584,42,Barcelona,Barcelona,Cataluña,Aribau 112,UTM 31 ETRS89,429520.47  4582478.80,9626426DF2892F0001ZO,Sustitución de vehículo de combustión por eléctrico,8625MWT,RENAULT,KANGOO VAN E-TECH ELECTRIC,ELECTRICO,205567,2024,2024-11-29,-1,1505,4500426759,CGAC,,X,CATALUÑA,VF1RFK00X73824788,5.6,10,17.3,15815,6120.405,N1,5607.998999999999,CORRECTO ALQUILER
CAE500195,,0168KYM,,,,,,,,TLM,3,ALQUILER,CANCELADO POR SINIESTRO,45491,2024-12-31,166,1905-07-16,6,DIESEL,PEUGEOT,BOXER 110 CV,1066,CANALIZ. CIVILES S.A.,10669120,13,,,,,,,,,,,,,,,,,,,,,,,,,,,53508,,,,FALSO ALQUILER
CAE500196,CAE500196,7052LLV,X,,X,,x,x,,AYVENS,1,RENTING,DEVUELTO,44266,2025-03-31,1481,2025,7,DIESEL,PEUGEOT,PARTNER 1.5 HDI 98 CV,1064,AYWA SER.AMBIENTALES SL,10049629,7,Valencia,Valencia,Comunidad Valenciana,Gran Vía Marques del Turia 19,UTM 30 ETRS89,726043.16  4371771.79,6019215YJ2761G0001XI,Sustitución de vehículo de combustión por eléctrico,8711MXK,RENAULT,KANGOO VAN E-TECH ELECTRIC,ELECTRICO,10649080,2024,2024-12-26,-1,1064,X,AYWA SER.AMBIENTALES SL,,X,COMUNIDAD VALENCIANA,VF1RFK00673934270,5.6,10,17.3,15815,6120.405,N1,5607.998999999999,CORRECTO ALQUILER
CAE500197,CAE500197,8983LFG,X,X,X,,X,X,,TLM,3,ALQUILER,DEVUELTO,2020-08-26,2023-11-15,1176,2023,7,DIESEL,NISSAN,CABSTAR GRUA,1066,CANALIZ. CIVILES S.A.,356001,14,Valencia,Valencia,Comunidad Valenciana,Llanterners 3,UTM 30 ETRS89,723014.22  4371274.90,3114104YJ2731C0001SY,Sustitución de vehículo de combustión por eléctrico,8627MWT,RENAULT,KANGOO VAN E-TECH ELECTRIC,ELECTRICO,356018,2024,2024-11-29,1,1066,4500426785,CANALIZ. CIVILES S.A.,,X,COMUNIDAD VALENCIANA,VF1RFK00273824817,5.6,10,17.3,15815,6120.405,N1,0,CORRECTO ALQUILER
CAE500198,CAE500198,6338KKX,X,X,X,,X,X,,TLM,3,ALQUILER,DEVUELTO,2021-05-24,2024-01-01,952,2024,7,DIESEL,NISSAN,CABSTAR NT400,1066,CANALIZ. CIVILES S.A.,10669120,15,Valencia,Valencia,Comunidad Valenciana,Llanterners 3,UTM 30 ETRS89,723014.22  4371274.90,3114104YJ2731C0001SY,Sustitución de vehículo de combustión por eléctrico,8634MWT,RENAULT,KANGOO VAN E-TECH ELECTRIC,ELECTRICO,356004,2024,2024-11-29,0,1066,4500426851,CANALIZ. CIVILES S.A.,,X,COMUNIDAD VALENCIANA,VF1RFK00873824823,5.6,10,17.3,15815,6120.405,N1,5607.998999999999,CORRECTO ALQUILER
CAE500199,,9369LMG,,,,,,,,AYVENS,1,RENTING,DEVUELTO,44260,2025-03-31,1487,1905-07-17,7,DIESEL,PEUGEOT,PARTNER 1.5 HDI 98 CV,1066,CANALIZ. CIVILES S.A.,356004,16,,,,,,,,,,,,,,,,,,,,,,,,,,,53508,,,,FALSO ALQUILER
CAE500200,CAE500200,7431JTL,X,X,X,,,,,AYVENS,3,ALQUILER,DEVUELTO,2023-02-21,2024-02-23,367,2024,7,DIESEL,OPEL,CORSA 1.4 90 CV,1004,G.O.MEDIOAMBIENTE S.L.,350468,14,Valencia,Valencia,Comunidad Valenciana,Gran Vía Marques del Turia 17,UTM 30 ETRS89,726013.62  4371779.06,6019216YJ2761G0001II,Sustitución de vehículo de combustión por eléctrico,1177MSX,NISSAN,TOWNSTAR,ELECTRICO,724557,2024,2024-07-10,0,1004,4500407448,G.O.MEDIOAMBIENTE S.L.,,X,COMUNIDAD VALENCIANA,VNVNFK00770690091,5.1,10,20,13073,4052.63,M1,7136.433042999999,FALSO ALQUILER
CAE500201,CAE500201,1188JZF,X,X,X,,,,,AYVENS,3,ALQUILER,DEVUELTO,2017-09-06,2024-05-07,2435,2024,7,DIESEL,TOYOTA,HYLUX 2.4 KOMBI,1505,"CIA.GRAL.AIGÜES D CATALUNYA,SA",725400,43,Barcelona,Barcelona,Cataluña,Aribau 112,UTM 31 ETRS89,429520.47  4582478.80,9626426DF2892F0001ZO,Sustitución de vehículo de combustión por eléctrico,1066MWL,CITROEN,Ë-BERLINGO 136 CV,ELECTRICO,725498,2024,2024-11-19,0,1505,4500406594,CGAC,,X,CATALUÑA,VR7EMZKUXRJ852424,5.1,10,22.7,13073,3699.6590000000006,M1,5607.998999999999,FALSO ALQUILER
CAE500202,,7399LLP,,,,,,,,AYVENS,1,RENTING,CANCELADO POR SINIESTRO,44309,2025-04-23,1903-12-31,1905-07-17,6,DIESEL,RENAULT,MASTER L2H2 2.3 DCI 135 CV,1066,CANALIZ. CIVILES S.A.,356001,17,,,,,,,,,,,,,,,,,,,,,,,,,,,53508,,,,FALSO ALQUILER
CAE500203,,B04590606,,,,,,,,PROPIEDAD,5,PROPIEDAD,CANCELADO,44520,2024-12-04,1903-01-14,1905-07-16,4,DIESEL,REMOLQUES TUDELA,PORTA VEHICULOS,1021,MEDICION AVANZADA CONTAD.,357108,16,,,,,,,,,8781MXK,RENAULT,KANGOO VAN E-TECH ELECTRIC,ELECTRICO,357708,2024,2024-12-26,1900-01-01,1021,4500426842,MEDICION AVANZADA CONTAD.,,,,VF1RFK00973824846,,10,17.3,53508,,,,FALSO PROPIEDAD
CAE500204,CAE500204,9052KZG,X,X,X,,X,X,,ARVAL SERV,1,RENTING,DEVUELTO,43679,2023-08-02,1461,2023,7,HÍBRIDO,TOYOTA,RAV 4 2.5 LUXURY 4WD,1001,AGUAS DE VALENCIA SA,10019931,24,Valencia,Valencia,Comunidad Valenciana,Gran Vía Marques del Turia 19,UTM 30 ETRS89,726043.16  4371771.79,6019215YJ2761G0001XI,Sustitución de vehículo de combustión por eléctrico,2720MWP,CITROEN,Ë-C3 ELÉCTRICO MAX,ELECTRICO,201701,2024,2024-11-26,1,1001,4500424788,AVSA,,X,COMUNIDAD VALENCIANA,VR7CBZYA5RT152213,5.1,9.19,16.4,13073,3983.2123699999993,M1,3826.5520745,CORRECTO ALQUILER
CAE500205,,7469LLP,,,,,,,,AYVENS,1,RENTING,CANCELADO POR SINIESTRO,44358,2025-06-11,1903-12-31,1905-07-17,6,DIESEL,RENAULT,TRAFIC L1H1 2.0 DCI 120 CV,1066,CANALIZ. CIVILES S.A.,10669120,18,,,,,,,,,,,,,,,,,,,,,,,,,,,53508,,,,FALSO ALQUILER
CAE500206,,BASE40,,,,,,,,PROPIEDAD,5,PROPIEDAD,CANCELADO,45712,2025-07-03,1900-05-08,1905-07-17,4,GASOLINA,TARJETA SOLRED,TARJETA SOLRED,1358,UTE EXPLT. ETAPS ZONA EST,351358,1,,,,,,,,,,,,,,,,,,,,,,,,,,,53508,,,,FALSO PROPIEDAD
CAE500207,,BASE41,,,,,,,,PROPIEDAD,5,PROPIEDAD,CANCELADO,45712,2025-07-03,1900-05-08,1905-07-17,4,GASOLINA,TARJETA SOLRED,TARJETA SOLRED,1358,UTE EXPLT. ETAPS ZONA EST,351358,2,,,,,,,,,,,,,,,,,,,,,,,,,,,53508,,,,FALSO PROPIEDAD
CAE500208,CAE500208,2657KZK,X,X,X,,X,X,,ARVAL SERV,1,RENTING,DEVUELTO,43695,2023-10-18,1522,2023,7,HÍBRIDO,TOYOTA,RAV 4 2.5 LUXURY 4WD,1001,AGUAS DE VALENCIA SA,10019920,25,Valencia,Valencia,Comunidad Valenciana,Gran Vía Marques del Turia 19,UTM 30 ETRS89,726043.16  4371771.79,6019215YJ2761G0001XI,Sustitución de vehículo de combustión por eléctrico,2722MXG,RENAULT,KANGOO VAN E-TECH ELECTRIC,ELECTRICO,200738,2024,2024-12-19,1,1001,4500426793,AVSA,,X,COMUNIDAD VALENCIANA,VF1RFK00573824892,5.1,9.19,17.3,13073,3865.5553699999987,M1,6795.3454,CORRECTO ALQUILER
CAE500209,,BASE44,,,,,,,,PROPIEDAD,5,PROPIEDAD,CANCELADO,45712,2025-07-03,1900-05-08,1905-07-17,4,GASOLINA,TARJETA SOLRED,TARJETA SOLRED,1004,G.O.MEDIOAMBIENTE S.L.,301004,15,,,,,,,,,,,,,,,,,,,,,,,,,,,53508,,,,FALSO PROPIEDAD
CAE500210,CAE500210,7656KSV,X,,,X,X,X,,PROPIEDAD,5,PROPIEDAD,CANCELADO,2019-01-10,2023-07-17,1649,2023,4,DIESEL,SCANIA,RSU,1006,ARAGONESA SER.PUBLICOS SL,733618,7,Teruel,Teruel,Aragón,Cuesta de la Enriqueta 3, UTM 30 ETRS89,661217.03  4466797.39,1470003XK6616G,Sustitución de vehículo de combustión por eléctrico,1954MXT,RENAULT,KANGOO VAN E-TECH ELECTRIC,ELECTRICO,200652,2025,2025-01-14,2,1006,4500426789,ARAGONESA SER.PUBLICOS SL,,X,ARAGON,VF1RFK00673824884,35,10,17.3,53508,178021.116,N3,123854.9676,CORRECTO PROPIEDAD
CAE500211,CAE500211,2517LSG,,,,,,,,AYVENS,1,RENTING,DEVUELTO,44475,2025-10-06,1903-12-31,1905-07-17,7,GLP,DACIA,SANDERO STEPWAY ECO 100 CV,1066,CANALIZ. CIVILES S.A.,10669100,19,,,,,,,,,,,,,,,,,,,,,,,,,,,53508,,,123854.9676,FALSO ALQUILER
,,2096LKP,,,,,,,,AYVENS,1,RENTING,CANCELADO POR SINIESTRO,44153,2025-11-18,1904-12-30,1905-07-17,6,DIESEL,RENAULT,KADJAR 1.5 DCI 115 CV,1001,AVSA,200599,1,,,,,,,,,,,,,,,,,,,,,,,,,,,53508,,,,FALSO ALQUILER
CAE500211,CAE500211,7992FRV,X,,,X,X,X,,PROPIEDAD,5,PROPIEDAD,CANCELADO,2019-05-16,2023-07-17,1523,2023,4,DIESEL,IVECO,RSU - CARTONERO,1006,ARAGONESA SER.PUBLICOS SL,733618,8,Teruel,Teruel,Aragón,Cuesta de la Enriqueta 3, UTM 30 ETRS89,661217.03  4466797.39,1470003XK6616G,Sustitución de vehículo de combustión por eléctrico,1970MXT,RENAULT,KANGOO VAN E-TECH ELECTRIC,ELECTRICO,200652,2025,2025-01-14,2,1006,4500426778,ARAGONESA SER.PUBLICOS SL,,X,ARAGON,VF1RFK00473824883,35,10,17.3,53508,178021.116,N3,123854.9676,CORRECTO PROPIEDAD
CAE500212,,8896LLB,,,,,,,,AYVENS,1,RENTING,DEVUELTO,44167,2025-12-02,1904-12-30,1905-07-17,7,DIESEL,RENAULT,KADJAR 4*4 1.8 DCI 150 CV,1001,AVSA,10019911,2,,,,,,,,,,,,,,,,,,,,,,,,,,,53508,,,,FALSO ALQUILER
CAE500213,,0060KDD,,,,,,,,AYVENS,1,RENTING,DEVUELTO,,2022-10-03,,1905-07-14,7,GLP,OPEL,CORSA 1.4 90 CV GLP 5P,1066,CANALIZ. CIVILES S.A.,356006,20,,,,,,,,,,,,,,,,,,,,,,,,,,,53508,,,,FALSO ALQUILER
CAE500214,,3942LLT,,,,,,,,AYVENS,1,RENTING,DEVUELTO,44224,2025-01-28,1903-12-31,1905-07-17,7,GASOLINA,SEAT,ARONA 1.0 TSI 115 CV,1004,G.O.MEDIOAMBIENTE S.L.,204427,16,,,,,,,,,,,,,,,,,,,,,,,,,,,53508,,,,FALSO ALQUILER
CAE500215,,0130KZP,,,,,,,,AYVENS,3,ALQUILER,DEVUELTO,,2022-05-20,,1905-07-14,7,DIESEL,JEEP,RENEGADE,1004,G.O.MEDIOAMBIENTE S.L.,724074,17,,,,,,,,,,,,,,,,,,,,,,,,,,,53508,,,,FALSO ALQUILER
CAE500216,,0195KZP,,,,,,,,AYVENS,4,PRE-ENTREGA,DEVUELTO,,2022-07-23,,1905-07-14,7,DIESEL,JEEP,RENEGADE 2.0 140 CV,1203,"E.Mixta Metropolitana, SA",12039060,4,,,,,,,,,,,,,,,,,,,,,,,,,,,53508,,,,FALSO ALQUILER
CAE500217,,0351KGD,,,,,,,,TLM,1,RENTING,DEVUELTO,,2022-12-27,,1905-07-14,7,DIESEL,NISSAN,CABSTAR NT400 VOLQUETE + CAJÓN,1066,CANALIZ. CIVILES S.A.,10669101,21,,,,,,,,,,,,,,,,,,,,,,,,,,,53508,,,,FALSO ALQUILER
CAE500218,,0429KHR,,,,,,,,AYVENS,1,RENTING,DEVUELTO,,2022-03-21,,1905-07-14,7,DIESEL,OPEL,CORSA 1.3 CDTI 75 CV 5P,1188,UTE[AGUAS DE ALTEA]AVSA/T,201080,1,,,,,,,,,,,,,,,,,,,,,,,,,,,53508,,,,FALSO ALQUILER
CAE500219,,R3474BBH,,,,X,,X,,PROPIEDAD,5,PROPIEDAD,CANCELADO,2013-04-29,2023-07-17,3731,2023,4,DIESEL,LECITRAILER,SR 3E 195,1006,ARAGONESA SER.PUBLICOS SL,733618,9,Teruel,Teruel,Aragón,Cuesta de la Enriqueta 3, UTM 30 ETRS89,661217.03  4466797.39,1470003XK6616G,Sustitución de vehículo de combustión por eléctrico,1976MXT,RENAULT,KANGOO VAN E-TECH ELECTRIC,ELECTRICO,200652,2025,2025-01-14,2,1006,4500426764,ARAGONESA SER.PUBLICOS SL,,X,ARAGON,VF1RFK00973824880,35,10,17.3,53508,178021.116,N3,0,FALSO PROPIEDAD
CAE500220,,4921LGX,,,,,,,,OTROS,8,OTROS AUTORIZADOS,CANCELADO,44562,2023-09-30,637,2023,4,GASOLINA,YAMAHA,T MAX 500,1200,EMIVASA,12009935,9,Valencia,Valencia,Comunidad Valenciana,Pedrapiquers 4,UTM 30 ETRS89,723006.99  4370803.79,3110819YJ2730G0001DW,Sustitución de vehículo de combustión por eléctrico,0649MWZ,CITROEN,Ë-C3 ELÉCTRICO MAX,ELECTRICO,200032,2024,2024-12-11,1,1200,4500424895,EMIVASA,,X,COMUNIDAD VALENCIANA,VR7CBZYAXRT153034,2.9,9.19,16.4,2831,290.20580999999993,L3e,0,FALSO ALQUILER
,,1451LDY,,,,,,,,AYVENS,1,RENTING,DEVUELTO,43860,2025-01-30,1904-12-31,1905-07-17,7,DIESEL,OPEL,GRANDLAND X 1.5 CDTI 130 CV AUTO,1001,AVSA,10019700,3,,,,,,,,,,,,,,,,,,,,,,,,,,,53508,,,,FALSO ALQUILER
,,1244KBM,,,,,,,,TLM,3,ALQUILER,DEVUELTO,,2022-03-14,,1905-07-14,7,DIESEL,NISSAN,NV200 90 CV,1066,CANALIZ. CIVILES S.A.,336003,22,,,,,,,,,,,,,,,,,,,,,,,,,,,53508,,,,FALSO ALQUILER
,,PGASTON,,,,,,,,PROPIEDAD,5,PROPIEDAD,CANCELADO,44136,2023-03-31,1902-05-29,1905-07-15,4,DIESEL,TARJETA SOLRED,TARJETA SOLRED,1066,CANALIZ. CIVILES S.A.,356018,23,,,,,,,,,6019MWV,CITROEN,Ë-C3 ELÉCTRICO MAX,ELECTRICO,10669120,2024,2024-11-29,1900-01-01,1066,4500426702,CANALIZ. CIVILES S.A.,,,,VR7CBZYA7ST000178,,10,16.4,,,,,FALSO PROPIEDAD
,,1345KBD,,,,,,,,AYVENS,1,RENTING,DEVUELTO,,2022-07-07,,1905-07-14,7,DIESEL,OPEL,CORSA 1.3 CDTI 75 CV 5P,1203,"E.Mixta Metropolitana, SA",101224,5,,,,,,,,,,,,,,,,,,,,,,,,,,,53508,,,,FALSO ALQUILER
,,1433LTN,,,,,,,,AYVENS,3,ALQUILER,DEVUELTO,,2022-07-14,,1905-07-14,7,DIESEL,CITROEN,BERLINGO 1.6 HDI 75 CV,1343,UTE CAMPO CARTAGENA,721268,1,,,,,,,,,,,,,,,,,,,,,,,,,,,53508,,,,FALSO ALQUILER
,,BASEJ,,,,,,,,PROPIEDAD,5,PROPIEDAD,CANCELADO,42736,2025-04-24,1908-04-22,1905-07-17,4,GASOLINA,TARJETA SOLRED,TARJETA SOLRED,1001,AVSA,10019915,4,,,,,,,,,9049MWN,CITROEN,Ë-C3 ELÉCTRICO MAX,ELECTRICO,10019060,2024,2024-11-26,1899-12-29,1001,4500424811,AVSA,,,,VR7CBZYA8RT152190,,9.19,16.4,,,,,FALSO PROPIEDAD
,,JGRAS,,,,,,,,PROPIEDAD,5,PROPIEDAD,CANCELADO,44136,2023-12-19,1903-02-16,1905-07-15,4,DIESEL,TARJETA SOLRED,TARJETA SOLRED,1066,CANALIZ. CIVILES S.A.,356005,24,,,,,,,,,8628MWT,RENAULT,KANGOO VAN E-TECH ELECTRIC,ELECTRICO,356006,2024,2024-11-29,1900-01-01,1066,4500426799,CANALIZ. CIVILES S.A.,,,,VF1RFK00473824821,,10,17.3,,,,,FALSO PROPIEDAD
,,1804KCY,,,,,,,,AYVENS,1,RENTING,DEVUELTO,,2022-09-20,,1905-07-14,7,DIESEL,OPEL,CORSA 1.3 CDTI 75 CV 5P,1400,EGEVASA,14009060,18,,,,,,,,,,,,,,,,,,,,,,,,,,,53508,,,,FALSO ALQUILER
,,JOMOCHE,,,,,,,,PROPIEDAD,5,PROPIEDAD,CANCELADO,44834,2024-05-20,1901-08-20,1905-07-16,4,DIESEL,TARJETA SOLRED,TARJETA SOLRED,1066,CANALIZ. CIVILES S.A.,10669120,25,,,,,,,,,8640MWT,RENAULT,KANGOO VAN E-TECH ELECTRIC,ELECTRICO,356001,2024,2024-11-29,1900-01-01,1066,4500426797,CANALIZ. CIVILES S.A.,,,,VF1RFK00473824818,,10,17.3,,,,,FALSO PROPIEDAD
,,1826KCY,,,,,,,,AYVENS,1,RENTING,DEVUELTO,,2022-09-19,,1905-07-14,7,DIESEL,OPEL,CORSA 1.3 CDTI 75 CV 5P,1001,AVSA,10019060,5,,,,,,,,,,,,,,,,,,,,,,,,,,,53508,,,,FALSO ALQUILER
,,1974KGV,,,,,,,,TRANSTEL,1,RENTING,DEVUELTO,,2022-01-18,,1905-07-14,7,DIESEL,NISSAN,CABSTAR NT400 GRUA FASSI F40B,1066,CANALIZ. CIVILES S.A.,10669101,26,,,,,,,,,,,,,,,,,,,,,,,,,,,53508,,,,FALSO ALQUILER
,,VBOIX,,,,,,,,PROPIEDAD,5,PROPIEDAD,CANCELADO,44872,2024-06-30,1901-08-23,1905-07-16,4,DIESEL,TARJETA SOLRED,TARJETA SOLRED,1066,CANALIZ. CIVILES S.A.,336003,27,,,,,,,,,8642MWT,RENAULT,KANGOO VAN E-TECH ELECTRIC,ELECTRICO,356016,2024,2024-11-29,1900-01-01,1066,4500426768,CANALIZ. CIVILES S.A.,,,,VF1RFK00173824811,,10,17.3,,,,,FALSO PROPIEDAD
,,BRODRIGO,,,,,,,,PROPIEDAD,5,PROPIEDAD,CANCELADO,44136,2024-09-16,1903-11-15,1905-07-16,4,DIESEL,TARJETA SOLRED,TARJETA SOLRED,1066,CANALIZ. CIVILES S.A.,10669120,28,,,,,,,,,8644MWT,RENAULT,KANGOO VAN E-TECH ELECTRIC,ELECTRICO,356006,2024,2024-11-29,1900-01-01,1066,4500426772,CANALIZ. CIVILES S.A.,,,,VF1RFK00373824812,,10,17.3,,,,,FALSO PROPIEDAD
,,2134JVZ,,,,,,,,AYVENS,1,RENTING,DEVUELTO,,2022-01-17,,1905-07-14,7,DIESEL,JEEP,RENEGADE 2.0 140 CV,1203,"E.Mixta Metropolitana, SA",101224,6,,,,,,,,,,,,,,,,,,,,,,,,,,,53508,,,,FALSO ALQUILER
,,2150JZT,,,,,,,,TLM,3,ALQUILER,DEVUELTO,,2022-04-30,,1905-07-14,7,DIESEL,PEUGEOT,PARTNER,1066,CANALIZ. CIVILES S.A.,356006,29,,,,,,,,,,,,,,,,,,,,,,,,,,,53508,,,,FALSO ALQUILER
,,BASE43,,,,,,,,PROPIEDAD,5,PROPIEDAD,CANCELADO,45712,2025-07-03,1900-05-08,1905-07-17,4,GASOLINA,TARJETA SOLRED,TARJETA SOLRED,1004,G.O.MEDIOAMBIENTE S.L.,301004,18,,,,,,,,,5995KSD,RENAULT,ZOE 40,ELECTRICO,724317,2024,2018-12-01,1899-12-29,1004,X,G.O.MEDIOAMBIENTE S.L.,,,,,,9.19,13.3,,,,,FALSO PROPIEDAD
,,6997LLV,,,,,,,,AYVENS,1,RENTING,DEVUELTO,44235,2025-02-08,1903-12-31,1905-07-17,7,DIESEL,PEUGEOT,PARTNER 1.5 HDI 98 CV,1001,AVSA,200599,6,,,,,,,,,,,,,,,,,,,,,,,,,,,53508,,,,FALSO ALQUILER
,,2177KNN,,,,,,,,AYVENS,1,RENTING,DEVUELTO,,2022-08-14,,1905-07-14,7,DIESEL,OPEL,GRANDLAND X 1.6 CDTI 120 CV,1001,AVSA,10019012,7,,,,,,,,,,,,,,,,,,,,,,,,,,,53508,,,,FALSO ALQUILER
,,2178KNN,,,,,,,,AYVENS,1,RENTING,DEVUELTO,,2022-09-04,,1905-07-14,7,DIESEL,OPEL,CORSA 1.3 CDTI 75 CV 5P,1066,CANALIZ. CIVILES S.A.,10669120,30,,,,,,,,,,,,,,,,,,,,,,,,,,,53508,,,,FALSO ALQUILER
CAE500221,CAE500221,T5455BB,,,,X,X,X,,PROPIEDAD,5,PROPIEDAD,CANCELADO,1999-01-01,2023-03-09,8833,2023,4,DIESEL,FORD,TRANSIT 1.8 TDCI 80 CV,1505,"CIA.GRAL.AIGÜES D CATALUNYA,SA",205335,44,Barcelona,Barcelona,Cataluña,Aribau 112,UTM 31 ETRS89,429520.47  4582478.80,9626426DF2892F0001ZO,Sustitución de vehículo de combustión por eléctrico,0778MJM,PEUGEOT,E-PARTNER PRO 100 KW,ELECTRICO,725455,2023,2023-07-26,0,1505,4500370229,CGAC,,X,CATALUÑA,VR3EAZKXZPJ701041,5.6,10,22.7,15815,5266.3949999999995,N1,5607.998999999999,CORRECTO PROPIEDAD
CAE500222,,2414KJX,,,,,,,,ARVAL SERV,1,RENTING,DEVUELTO,,2022-04-18,,1905-07-14,7,HÍBRIDO,TOYOTA,YARIS 1.5 HYBRID ACTIVE 100 CV,1004,G.O.MEDIOAMBIENTE S.L.,724320,19,,,,,,,,,,,,,,,,,,,,,,,,,,,53508,,,,FALSO ALQUILER
CAE500223,,8767LLW,,,,,,,,AYVENS,1,RENTING,DEVUELTO,44238,2025-02-11,1903-12-31,1905-07-17,7,DIESEL,PEUGEOT,PARTNER 1.5 HDI 98 CV,1004,G.O.MEDIOAMBIENTE S.L.,724362,20,,,,,,,,,,,,,,,,,,,,,,,,,,,53508,,,,FALSO ALQUILER
CAE500224,,2612JYB,,,,,,,,AYVENS,1,RENTING,DEVUELTO,,2022-04-06,,1905-07-14,7,DIESEL,OPEL,ASTRA 1.6 CDTI 110 CV,1400,EGEVASA,14009070,19,,,,,,,,,,,,,,,,,,,,,,,,,,,53508,,,,FALSO ALQUILER
CAE500225,,2970KPX,,,,,,,,AYVENS,1,RENTING,DEVUELTO,,2022-10-23,,1905-07-14,7,DIESEL,OPEL,CORSA 1.3 CDTI 75 CV 5P,1066,CANALIZ. CIVILES S.A.,10669120,31,,,,,,,,,,,,,,,,,,,,,,,,,,,53508,,,,FALSO ALQUILER
CAE500226,CAE500226,1751LHM,,,,,,,,VWRENTING,1,RENTING,DEVUELTO,44026,2023-08-31,1143,2023,7,DIESEL,VOLKSWAGEN,T-ROC 1.6 TDI 115 CV,1009,GAMASER,10099039,2,Valencia,Valencia,Comunidad Valenciana,C/Corretger 51,UTM 30 ETRS89,719008.27  4377344.83,9274309YJ1797S0001MB,Sustitución de vehículo de combustión por eléctrico,7775MXF,RENAULT,KANGOO VAN E-TECH ELECTRIC,ELECTRICO,350108,2024,2024-12-19,1,1009,4500426769,GAMASER,,X,COMUNIDAD VALENCIANA,VF1RFK00773934312,5.1,10,17.3,13073,4405.601000000001,M1,6795.3454,FALSO ALQUILER
CAE500227,,3324HZP,,,,,,,,CEDIDO,6,"CEDIDO (por ayto, planta.",DEVUELTO,,2022-10-31,,1905-07-14,7,DIESEL,RENAULT,D 18 WINE DESATASCADOR,1006,ARAGONESA SER.PUBLICOS SL,733618,10,,,,,,,,,,,,,,,,,,,,,,,,,,,53508,,,,FALSO ALQUILER
CAE500228,,3332KZT,,,,,,,,WASTERENT,3,ALQUILER,DEVUELTO,,2022-08-31,,1905-07-14,7,DIESEL,VOLVO,FE S42R,1006,ARAGONESA SER.PUBLICOS SL,733618,11,,,,,,,,,,,,,,,,,,,,,,,,,,,53508,,,,FALSO ALQUILER
CAE500229,,3488JYZ,,,,,,,,AYVENS,1,RENTING,DEVUELTO,,2022-06-05,,1905-07-14,7,DIESEL,OPEL,CORSA 1.3 CDTI 75 CV 5P,1203,"E.Mixta Metropolitana, SA",12039060,7,,,,,,,,,,,,,,,,,,,,,,,,,,,53508,,,,FALSO ALQUILER
CAE500230,CAE500230,7970LKX,X,X,X,,X,X,,ARVAL SERV,1,RENTING,DEVUELTO,44148,2024-11-13,1461,2024,7,HÍBRIDO,VOLVO,V60 2.0 T6 AWD 340 CV,1200,EMIVASA,12009935,10,Valencia,Valencia,Comunidad Valenciana,Pedrapiquers 4,UTM 30 ETRS89,723006.99  4370803.79,3110819YJ2730G0001DW,Sustitución de vehículo de combustión por eléctrico,3111MWZ,CITROEN,Ë-C3 ELÉCTRICO MAX,ELECTRICO,100011,2024,2024-12-12,0,1200,4500424893,EMIVASA,,X,COMUNIDAD VALENCIANA,VR7CBZYA9RT154434,5.1,9.19,16.4,13073,3983.2123699999993,M1,7136.433042999999,CORRECTO ALQUILER
CAE500231,CAE500231,3520KGX,,,,,,,,TRANSTEL,1,RENTING,DEVUELTO,,2022-02-02,,1905-07-14,7,DIESEL,NISSAN,CABSTAR NT400 VOLQUETE + CAJÓN,1066,CANALIZ. CIVILES S.A.,356012,32,,,,,,,,,,,,,,,,,,,,,,,,,,,53508,,,6795.3454,FALSO ALQUILER
CAE500232,,3868KNX,,,,,,,,AYVENS,1,RENTING,DEVUELTO,,2022-09-06,,1905-07-14,7,DIESEL,OPEL,ASTRA 1.6 CDTI 110 CV,1066,CANALIZ. CIVILES S.A.,10669103,33,,,,,,,,,,,,,,,,,,,,,,,,,,,53508,,,,FALSO ALQUILER
CAE500233,,9377LMG,,,,,,,,AYVENS,1,RENTING,DEVUELTO,44260,2025-03-05,1903-12-31,1905-07-17,7,DIESEL,PEUGEOT,PARTNER 1.5 HDI 98 CV,1001,AVSA,200310,8,,,,,,,,,,,,,,,,,,,,,,,,,,,53508,,,,FALSO ALQUILER
CAE500234,,4094KNP,,,,,,,,AYVENS,1,RENTING,DEVUELTO,,2022-08-17,,1905-07-14,7,DIESEL,OPEL,CORSA 1.3 CDTI 75 CV 5P,1066,CANALIZ. CIVILES S.A.,10669120,34,,,,,,,,,,,,,,,,,,,,,,,,,,,53508,,,,FALSO ALQUILER
,,4299JSX,,,,,,,,TLM,1,RENTING,DEVUELTO,,2022-06-30,,1905-07-14,7,DIESEL,NISSAN,CABSTAR NT400 VOLQUETE + CAJÓN,1066,CANALIZ. CIVILES S.A.,10669102,35,,,,,,,,,,,,,,,,,,,,,,,,,,,53508,,,,FALSO ALQUILER
,,4399KGX,,,,,,,,AYVENS,1,RENTING,CANCELADO POR SINIESTRO,,2022-02-02,,1905-07-14,6,DIESEL,OPEL,COMBO 1.3 CDTI 95 CV,1201,SASTESA,352094,3,,,,,,,,,,,,,,,,,,,,,,,,,,,53508,,,,FALSO ALQUILER
,,4405KGX,,,,,,,,AYVENS,1,RENTING,DEVUELTO,,2022-02-02,,1905-07-14,7,DIESEL,OPEL,COMBO 1.3 CDTI 95 CV,1004,G.O.MEDIOAMBIENTE S.L.,10049629,21,,,,,,,,,,,,,,,,,,,,,,,,,,,53508,,,,FALSO ALQUILER
CAE500231,CAE500231,5239JVL,X,X,,,X,X,,ARVAL SERV,1,RENTING,DEVUELTO,42725,2023-07-17,2399,2023,7,DIESEL,VOLVO,XC 60 2.4 D4 AWD SUMMUM,1001,AGUAS DE VALENCIA SA,10019920,26,Valencia,Valencia,Comunidad Valenciana,Gran Vía Marques del Turia 19,UTM 30 ETRS89,726043.16  4371771.79,6019215YJ2761G0001XI,Sustitución de vehículo de combustión por eléctrico,2717MXG,RENAULT,KANGOO VAN E-TECH ELECTRIC,ELECTRICO,200714,2024,2024-12-19,1,1001,4500426795,AVSA,,X,COMUNIDAD VALENCIANA,VF1RFK00473824897,5.1,10,17.3,13073,4405.601000000001,M1,6795.3454,FALSO ALQUILER
CAE500232,,4574KMR,,,,,,,,AYVENS,1,RENTING,DEVUELTO,,2022-07-12,,1905-07-14,7,DIESEL,OPEL,GRANDLAND X 1.6 CDTI 120 CV,1004,G.O.MEDIOAMBIENTE S.L.,10049946,22,,,,,,,,,,,,,,,,,,,,,,,,,,,53508,,,,FALSO ALQUILER
CAE500233,,5270KLB,,,,,,,,AYVENS,1,RENTING,DEVUELTO,,2022-06-13,,1905-07-14,7,DIESEL,OPEL,COMBO 1.3 CDTI 95 CV,1066,CANALIZ. CIVILES S.A.,356006,36,,,,,,,,,,,,,,,,,,,,,,,,,,,53508,,,,FALSO ALQUILER
CAE500234,,5305JYK,,,,,,,,AYVENS,1,RENTING,DEVUELTO,,2022-05-12,,1905-07-14,7,DIESEL,OPEL,ASTRA 1.6 CDTI 110 CV,1004,G.O.MEDIOAMBIENTE S.L.,354096,23,,,,,,,,,,,,,,,,,,,,,,,,,,,53508,,,,FALSO ALQUILER
CAE500235,CAE500235,0383LKK,X,X,X,,X,X,,ARVAL SERV,1,RENTING,DEVUELTO,44127,2024-10-23,1461,2024,7,HÍBRIDO,VOLVO,XC40 1.5 T5 TRI 262 CV,1200,EMIVASA,12009006,11,Valencia,Valencia,Comunidad Valenciana,Pedrapiquers 4,UTM 30 ETRS89,723006.99  4370803.79,3110819YJ2730G0001DW,Sustitución de vehículo de combustión por eléctrico,3095MWZ,CITROEN,Ë-C3 ELÉCTRICO MAX,ELECTRICO,200020,2024,2024-12-12,0,1200,4500424883,EMIVASA,,X,COMUNIDAD VALENCIANA,VR7CBZYA9RT153025,5.1,9.19,16.4,13073,3983.2123699999993,M1,7136.433042999999,CORRECTO ALQUILER
CAE500236,CAE500236,5848KKV,,,,,,,,AYVENS,4,PRE-ENTREGA,DEVUELTO,,2022-05-13,,1905-07-14,7,DIESEL,RENAULT,KANGOO,1201,SASTESA,352094,4,,,,,,,,,,,,,,,,,,,,,,,,,,,53508,,,6795.3454,FALSO ALQUILER
CAE500237,,5962KYR,,,,,,,,AYVENS,4,PRE-ENTREGA,DEVUELTO,,2022-05-13,,1905-07-14,7,DIESEL,JEEP,RENEGADE,1001,AVSA,350527,9,,,,,,,,,,,,,,,,,,,,,,,,,,,53508,,,,FALSO ALQUILER
CAE500238,,6390KXM,,,,,,,,PROPIEDAD,5,PROPIEDAD,CANCELADO POR SINIESTRO,,2022-02-17,,1905-07-14,6,ELECTRICO,RENAULT,ZOE 40,1004,G.O.MEDIOAMBIENTE S.L.,724359,24,,,,,,,,,,,,,,,,,,,,,,,,,,,53508,,,,FALSO PROPIEDAD
CAE500239,,6505KNH,,,,,,,,ARVAL SERV,1,RENTING,DEVUELTO,,2022-09-01,,1905-07-14,7,GLP,DACIA,DOKKER 1.6 102 CV GLP,1004,G.O.MEDIOAMBIENTE S.L.,724320,25,,,,,,,,,,,,,,,,,,,,,,,,,,,53508,,,,FALSO ALQUILER
CAE500240,,6518KNH,,,,,,,,ARVAL SERV,1,RENTING,CANCELADO POR SINIESTRO,,2022-09-01,,1905-07-14,6,GLP,DACIA,DOKKER 1.6 102 CV GLP,1004,G.O.MEDIOAMBIENTE S.L.,724320,26,,,,,,,,,,,,,,,,,,,,,,,,,,,53508,,,,FALSO ALQUILER
CAE500241,,6522KPD,,,,,,,,AYVENS,1,RENTING,DEVUELTO,,2022-09-14,,1905-07-14,7,DIESEL,OPEL,COMBO 1.3 CDTI 95 CV,1505,CGAC,355469,1,,,,,,,,,,,,,,,,,,,,,,,,,,,53508,,,,FALSO ALQUILER
CAE500242,,6581KPD,,,,,,,,AYVENS,1,RENTING,DEVUELTO,,2022-09-12,,1905-07-14,7,DIESEL,OPEL,COMBO 1.3 CDTI 95 CV,1505,CGAC,205579,2,,,,,,,,,,,,,,,,,,,,,,,,,,,53508,,,,FALSO ALQUILER
CAE500243,,6614KNM,,,,,,,,AYVENS,1,RENTING,DEVUELTO,,2022-08-14,,1905-07-14,7,GLP,OPEL,CROSSLAND X 1.2 80 CV GLP,1400,EGEVASA,208351,20,,,,,,,,,,,,,,,,,,,,,,,,,,,53508,,,,FALSO ALQUILER
CAE500244,,6620KNH,,,,,,,,ARVAL SERV,1,RENTING,DEVUELTO,,2022-09-14,,1905-07-14,7,GLP,DACIA,DOKKER 1.6 102 CV GLP,1004,G.O.MEDIOAMBIENTE S.L.,724320,27,,,,,,,,,,,,,,,,,,,,,,,,,,,53508,,,,FALSO ALQUILER
CAE500245,,6704KKS,,,,,,,,AYVENS,1,RENTING,DEVUELTO,,2022-05-22,,1905-07-14,7,DIESEL,OPEL,COMBO 1.3 CDTI 95 CV,1505,CGAC,705335,3,,,,,,,,,,,,,,,,,,,,,,,,,,,53508,,,,FALSO ALQUILER
CAE500246,,6722KKS,,,,,,,,AYVENS,1,RENTING,DEVUELTO,,2022-06-04,,1905-07-14,7,DIESEL,OPEL,COMBO 1.3 CDTI 95 CV,1505,CGAC,725465,4,,,,,,,,,,,,,,,,,,,,,,,,,,,53508,,,,FALSO ALQUILER
CAE500247,,6739KKS,,,,,,,,AYVENS,1,RENTING,DEVUELTO,,2022-05-22,,1905-07-14,7,DIESEL,OPEL,COMBO 1.3 CDTI 95 CV,1505,CGAC,725465,5,,,,,,,,,,,,,,,,,,,,,,,,,,,53508,,,,FALSO ALQUILER
,,6749KKS,,,,,,,,AYVENS,1,RENTING,DEVUELTO,,2022-05-22,,1905-07-14,7,DIESEL,OPEL,COMBO 1.3 CDTI 95 CV,1505,CGAC,725465,6,,,,,,,,,,,,,,,,,,,,,,,,,,,53508,,,,FALSO ALQUILER
,,6755KKS,,,,,,,,AYVENS,1,RENTING,DEVUELTO,,2022-05-30,,1905-07-14,7,DIESEL,OPEL,COMBO 1.3 CDTI 95 CV,1505,CGAC,725465,7,,,,,,,,,,,,,,,,,,,,,,,,,,,53508,,,,FALSO ALQUILER
,,6763KKS,,,,,,,,AYVENS,1,RENTING,DEVUELTO,,2022-06-04,,1905-07-14,7,DIESEL,OPEL,COMBO 1.3 CDTI 95 CV,1505,CGAC,725465,8,,,,,,,,,,,,,,,,,,,,,,,,,,,53508,,,,FALSO ALQUILER
,,6778KKS,,,,,,,,AYVENS,1,RENTING,DEVUELTO,,2022-06-04,,1905-07-14,7,DIESEL,OPEL,COMBO 1.6 CDTI 105 CV L2H2,1505,CGAC,725441,9,,,,,,,,,,,,,,,,,,,,,,,,,,,53508,,,,FALSO ALQUILER
,,6866KNT,,,,,,,,ARVAL SERV,1,RENTING,DEVUELTO,,2022-09-19,,1905-07-14,7,DIESEL,TOYOTA,HILUX 2P 7G,1004,G.O.MEDIOAMBIENTE S.L.,350476,28,,,,,,,,,,,,,,,,,,,,,,,,,,,53508,,,,FALSO ALQUILER
,,6939JSF,,,,,,,,AYVENS,1,RENTING,DEVUELTO,,2022-09-05,,1905-07-14,7,DIESEL,VOLKSWAGEN,CADDY 4*4 2.0 TDI 122 CV,1400,EGEVASA,14009016,21,,,,,,,,,,,,,,,,,,,,,,,,,,,53508,,,,FALSO ALQUILER
CAE500236,CAE500236,4719KYS,X,X,X,,X,X,,ARVAL SERV,1,RENTING,DEVUELTO,43663,2023-07-17,1461,2023,7,DIESEL,VOLVO,XC60,1505,"CIA.GRAL.AIGÜES D CATALUNYA,SA",15059901,45,Barcelona,Barcelona,Cataluña,Aribau 112,UTM 31 ETRS89,429520.47  4582478.80,9626426DF2892F0001ZO,Sustitución de vehículo de combustión por eléctrico,8877KDN,RENAULT,ZOE 40,ELECTRICO,725586,2023,2023-01-01,0,1505,4500349878,CGAC,,X,CATALUÑA,VF1AGVYC058921366,5.1,10,13.3,13073,4928.521,M1,6795.3454,CORRECTO ALQUILER
CAE500237,,7308KPB,,,,,,,,AYVENS,1,RENTING,DEVUELTO,,2022-09-17,,1905-07-14,7,DIESEL,OPEL,CORSA 1.3 CDTI 75 CV 5P,1066,CANALIZ. CIVILES S.A.,356001,37,,,,,,,,,,,,,,,,,,,,,,,,,,,53508,,,,FALSO ALQUILER
CAE500238,,7055LLV,,,,,,,,AYVENS,1,RENTING,DEVUELTO,44266,2025-03-31,1904-01-20,1905-07-17,7,DIESEL,PEUGEOT,PARTNER 1.5 HDI 98 CV,1064,AYWA SER.AMBIENTALES SL,10049630,8,,,,,,,,,,,,,,,,,,,,,,,,,,,53508,,,,FALSO ALQUILER
CAE500239,,7499KKT,,,,,,,,AYVENS,1,RENTING,DEVUELTO,,2022-06-04,,1905-07-14,7,DIESEL,OPEL,COMBO 1.3 CDTI 95 CV,1066,CANALIZ. CIVILES S.A.,356006,38,,,,,,,,,,,,,,,,,,,,,,,,,,,53508,,,,FALSO ALQUILER
CAE500240,,7768KJH,,,,,,,,ARVAL SERV,1,RENTING,DEVUELTO,,2022-03-01,,1905-07-14,7,DIESEL,VOLVO,XC 60 2.4 D5 AWD R DESIGN,1898,Valenciana Servicios ITV,DEFINIR,1,,,,,,,,,,,,,,,,,,,,,,,,,,,53508,,,,FALSO ALQUILER
CAE500241,,7769KJH,,,,,,,,ARVAL SERV,1,RENTING,DEVUELTO,,2022-03-01,,1905-07-14,7,DIESEL,VOLVO,XC 60 2.4 D5 AWD R DESIGN,1898,Valenciana Servicios ITV,DEFINIR,2,,,,,,,,,,,,,,,,,,,,,,,,,,,53508,,,,FALSO ALQUILER
CAE500242,,7824KHZ,,,,,,,,AYVENS,1,RENTING,DEVUELTO,,2022-03-12,,1905-07-14,7,DIESEL,JEEP,RENEGADE 2.0 140 CV,8136,FUNDACIÓN AZUL MARINO,10639901,1,,,,,,,,,,,,,,,,,,,,,,,,,,,53508,,,,FALSO ALQUILER
CAE500243,,7826KHG,,,,,,,,AYVENS,1,RENTING,DEVUELTO,,2022-02-16,,1905-07-14,7,DIESEL,OPEL,COMBO 1.3 CDTI 95 CV,1001,AVSA,359805,10,,,,,,,,,,,,,,,,,,,,,,,,,,,53508,,,,FALSO ALQUILER
CAE500244,,4938LMS,,,,,,,,AYVENS,1,RENTING,CANCELADO POR SINIESTRO,44294,2025-04-08,1903-12-31,1905-07-17,6,DIESEL,PEUGEOT,PARTNER 1.5 HDI 98 CV,1505,CGAC,205575,10,,,,,,,,,,,,,,,,,,,,,,,,,,,53508,,,,FALSO ALQUILER
CAE500245,,7963KLN,,,,,,,,AYVENS,1,RENTING,DEVUELTO,,2022-06-22,,1905-07-14,7,DIESEL,OPEL,VIVARO 1.3 CDTI 95 CV,1058,SAMAS S.L.,355880,1,,,,,,,,,,,,,,,,,,,,,,,,,,,53508,,,,FALSO ALQUILER
CAE500246,,7966KHZ,,,,,,,,AYVENS,1,RENTING,DEVUELTO,,2022-03-21,,1905-07-14,7,DIESEL,OPEL,CORSA 1.3 CDTI 75 CV 5P,1001,AVSA,201510,11,,,,,,,,,,,,,,,,,,,,,,,,,,,53508,,,,FALSO ALQUILER
CAE500247,,7973KHZ,,,,,,,,AYVENS,1,RENTING,DEVUELTO,,2022-03-20,,1905-07-14,7,DIESEL,OPEL,CORSA 1.3 CDTI 75 CV 5P,1066,CANALIZ. CIVILES S.A.,356016,39,,,,,,,,,,,,,,,,,,,,,,,,,,,53508,,,,FALSO ALQUILER
CAE500248,,8051JYW,,,,,,,,AYVENS,1,RENTING,DEVUELTO,,2022-05-30,,1905-07-14,7,DIESEL,OPEL,COMBO 1.3 CDTI 95 CV,1004,G.O.MEDIOAMBIENTE S.L.,300074,29,,,,,,,,,,,,,,,,,,,,,,,,,,,53508,,,,FALSO ALQUILER
CAE500249,,8250KDH,,,,,,,,AYVENS,1,RENTING,DEVUELTO,,2022-10-09,,1905-07-14,7,DIESEL,OPEL,CORSA 1.3 CDTI 75 CV 5P,1199,UTE AAPP Y ALC. TERUEL,201199,1,,,,,,,,,,,,,,,,,,,,,,,,,,,53508,,,,FALSO ALQUILER
CAE500250,,1192LPK,,,,,,,,AYVENS,1,RENTING,CANCELADO POR SINIESTRO,44358,2025-06-11,1903-12-31,1905-07-17,6,DIESEL,SEAT,ARONA 1.6 TDI 95 CV,1505,CGAC,15059570,11,,,,,,,,,,,,,,,,,,,,,,,,,,,53508,,,,FALSO ALQUILER
CAE500251,,8429CKY,,,,,,,,CEDIDO,6,"CEDIDO (por ayto, planta.",DEVUELTO,,2022-10-31,,1905-07-14,7,DIESEL,SEAT,TOLEDO 1.9 TDI,1004,G.O.MEDIOAMBIENTE S.L.,724320,30,,,,,,,,,,,,,,,,,,,,,,,,,,,53508,,,,FALSO ALQUILER
CAE500252,,8490KKD,,,,,,,,AYVENS,1,RENTING,DEVUELTO,,2022-05-16,,1905-07-14,7,DIESEL,OPEL,VIVARO 1.6 CDTI 120 CV,1505,CGAC,725465,12,,,,,,,,,,,,,,,,,,,,,,,,,,,53508,,,,FALSO ALQUILER
CAE500253,CAE500253,7962LKX,X,X,X,,x,x,,ARVAL SERV,1,RENTING,DEVUELTO,44148,2024-11-13,1461,2024,7,HÍBRIDO,VOLVO,XC60 2.0 T6 AWD 340 CV,1001,AGUAS DE VALENCIA SA,10019904,27,Valencia,Valencia,Comunidad Valenciana,Gran Vía Marques del Turia 19,UTM 30 ETRS89,726043.16  4371771.79,6019215YJ2761G0001XI,Sustitución de vehículo de combustión por eléctrico,6083MWV,CITROEN,Ë-C3 ELÉCTRICO MAX,ELECTRICO,10019060,2024,2024-11-29,0,1001,4500424797,AVSA,,X,COMUNIDAD VALENCIANA,VR7CBZYA4RT152185,5.1,9.19,16.4,13073,3983.2123699999993,M1,7136.433042999999,CORRECTO ALQUILER
CAE500254,,8546KHZ,,,,,,,,AYVENS,1,RENTING,DEVUELTO,,2022-03-16,,1905-07-14,7,DIESEL,OPEL,COMBO 1.3 CDTI 95 CV,1505,CGAC,725441,13,,,,,,,,,,,,,,,,,,,,,,,,,,,53508,,,,FALSO ALQUILER
CAE500255,,8550KFJ,,,,,,,,ARVAL SERV,1,RENTING,DEVUELTO,,2022-11-21,,1905-07-14,7,DIESEL,VOLVO,XC 90 D5 235 CV,1001,AVSA,10019931,12,,,,,,,,,,,,,,,,,,,,,,,,,,,53508,,,,FALSO ALQUILER
CAE500256,,8552KHZ,,,,,,,,AYVENS,1,RENTING,DEVUELTO,,2022-03-28,,1905-07-14,7,DIESEL,OPEL,COMBO 1.3 CDTI 95 CV,1505,CGAC,205359,14,,,,,,,,,,,,,,,,,,,,,,,,,,,53508,,,,FALSO ALQUILER
CAE500257,,8567KHZ,,,,,,,,AYVENS,1,RENTING,DEVUELTO,,2022-03-28,,1905-07-14,7,DIESEL,OPEL,COMBO 1.3 CDTI 95 CV,1505,CGAC,725441,15,,,,,,,,,,,,,,,,,,,,,,,,,,,53508,,,,FALSO ALQUILER
CAE500258,,7995LKS,,,,,,,,AYVENS,1,RENTING,DEVUELTO,44166,2025-12-01,1904-12-30,1905-07-17,7,DIESEL,RENAULT,KADJAR 4*4 1.8 DCI 150 CV,1505,CGAC,15059580,16,,,,,,,,,,,,,,,,,,,,,,,,,,,53508,,,,FALSO ALQUILER
CAE500259,,8581KLW,,,,,,,,AYVENS,4,PRE-ENTREGA,DEVUELTO,,2022-05-04,,1905-07-14,7,DIESEL,RENAULT,KANGOO,1400,EGEVASA,728084,22,,,,,,,,,,,,,,,,,,,,,,,,,,,53508,,,,FALSO ALQUILER
CAE500260,,8618KHZ,,,,,,,,AYVENS,1,RENTING,DEVUELTO,,2022-03-28,,1905-07-14,7,DIESEL,OPEL,COMBO 1.3 CDTI 95 CV KOMBI,1066,CANALIZ. CIVILES S.A.,10669120,40,,,,,,,,,,,,,,,,,,,,,,,,,,,53508,,,,FALSO ALQUILER
CAE500261,,8622KHZ,,,,,,,,AYVENS,1,RENTING,DEVUELTO,,2022-04-06,,1905-07-14,7,DIESEL,OPEL,COMBO 1.3 CDTI 95 CV KOMBI,1066,CANALIZ. CIVILES S.A.,336003,41,,,,,,,,,,,,,,,,,,,,,,,,,,,53508,,,,FALSO ALQUILER
CAE500262,,8640KHZ,,,,,,,,AYVENS,1,RENTING,DEVUELTO,,2022-04-03,,1905-07-14,7,DIESEL,OPEL,COMBO 1.3 CDTI 95 CV KOMBI,1066,CANALIZ. CIVILES S.A.,10669120,42,,,,,,,,,,,,,,,,,,,,,,,,,,,53508,,,,FALSO ALQUILER
CAE500263,,8794KRZ,,,,,,,,TLM,3,ALQUILER,DEVUELTO,,2022-09-30,,1905-07-14,7,DIESEL,PEUGEOT,BOXER L1H1 110 CV,1066,CANALIZ. CIVILES S.A.,10669101,43,,,,,,,,,,,,,,,,,,,,,,,,,,,53508,,,,FALSO ALQUILER
CAE500264,,8819KPD,,,,,,,,AYVENS,1,RENTING,DEVUELTO,,2022-09-14,,1905-07-14,7,DIESEL,OPEL,COMBO 1.3 CDTI 95 CV KOMBI,1505,CGAC,105564,17,,,,,,,,,,,,,,,,,,,,,,,,,,,53508,,,,FALSO ALQUILER
CAE500265,,8820KPD,,,,,,,,AYVENS,1,RENTING,DEVUELTO,,2022-09-20,,1905-07-14,7,DIESEL,OPEL,CORSA 1.3 CDTI 75 CV 5P,1066,CANALIZ. CIVILES S.A.,356001,44,,,,,,,,,,,,,,,,,,,,,,,,,,,53508,,,,FALSO ALQUILER
CAE500266,,8821KPD,,,,,,,,AYVENS,1,RENTING,CANCELADO POR SINIESTRO,,2022-09-20,,1905-07-14,6,DIESEL,OPEL,CORSA 1.3 CDTI 75 CV 5P,1066,CANALIZ. CIVILES S.A.,10669105,45,,,,,,,,,,,,,,,,,,,,,,,,,,,53508,,,,FALSO ALQUILER
CAE500267,,8833KPS,,,,,,,,AYVENS,1,RENTING,DEVUELTO,,2022-10-26,,1905-07-14,7,DIESEL,OPEL,COMBO 1.3 CDTI 95 CV KOMBI,1066,CANALIZ. CIVILES S.A.,10669120,46,,,,,,,,,,,,,,,,,,,,,,,,,,,53508,,,,FALSO ALQUILER
CAE500268,,8835KPS,,,,,,,,AYVENS,1,RENTING,DEVUELTO,,2022-10-26,,1905-07-14,7,DIESEL,OPEL,COMBO 1.3 CDTI 95 CV KOMBI,1066,CANALIZ. CIVILES S.A.,336003,47,,,,,,,,,,,,,,,,,,,,,,,,,,,53508,,,,FALSO ALQUILER
CAE500269,,8840JZH,,,,,,,,AYVENS,1,RENTING,DEVUELTO,,2022-06-21,,1905-07-14,7,DIESEL,OPEL,CORSA 1.3 CDTI 75 CV 5P,1021,MEDICION AVANZADA CONTAD.,357706,17,,,,,,,,,,,,,,,,,,,,,,,,,,,53508,,,,FALSO ALQUILER
CAE500270,,8848KVL,,,,,,,,PROPIEDAD,5,PROPIEDAD,CANCELADO,,2022-06-15,,1905-07-14,4,ELECTRICO,FIAT,FIORINO 100 % ELECTRICA,1004,G.O.MEDIOAMBIENTE S.L.,724348,31,,,,,,,,,,,,,,,,,,,,,,,,,,,53508,,,,FALSO PROPIEDAD
CAE500271,,8902JYW,,,,,,,,AYVENS,1,RENTING,DEVUELTO,,2022-05-26,,1905-07-14,7,DIESEL,OPEL,COMBO 1.3 CDTI 95 CV,1400,EGEVASA,208426,23,,,,,,,,,,,,,,,,,,,,,,,,,,,53508,,,,FALSO ALQUILER
CAE500272,,8952JYW,,,,,,,,AYVENS,1,RENTING,DEVUELTO,,2022-05-24,,1905-07-14,7,DIESEL,OPEL,COMBO 1.3 CDTI 95 CV,1400,EGEVASA,728004,24,,,,,,,,,,,,,,,,,,,,,,,,,,,53508,,,,FALSO ALQUILER
CAE500273,,8974LJM,,,,,,,,TLM,3,ALQUILER,DEVUELTO,,2022-10-11,,1905-07-14,7,DIESEL,PEUGEOT,BOXER L1 H1,1066,CANALIZ. CIVILES S.A.,356011,48,,,,,,,,,,,,,,,,,,,,,,,,,,,53508,,,,FALSO ALQUILER
CAE500274,,9074KLD,,,,,,,,AYVENS,4,PRE-ENTREGA,DEVUELTO,,2022-07-30,,1905-07-14,7,DIESEL,JEEP,RENEGADE 2.0 140 CV,1203,"E.Mixta Metropolitana, SA",12039060,8,,,,,,,,,,,,,,,,,,,,,,,,,,,53508,,,,FALSO ALQUILER
CAE500275,,9103JYZ,,,,,,,,AYVENS,1,RENTING,DEVUELTO,,2022-05-31,,1905-07-14,7,DIESEL,OPEL,COMBO 1.3 CDTI 95 CV,1021,MEDICION AVANZADA CONTAD.,357708,18,,,,,,,,,,,,,,,,,,,,,,,,,,,53508,,,,FALSO ALQUILER
CAE500276,,9128JYZ,,,,,,,,AYVENS,1,RENTING,DEVUELTO,,2022-06-09,,1905-07-14,7,DIESEL,OPEL,COMBO 1.3 CDTI 95 CV KOMBI,1400,EGEVASA,728048,25,,,,,,,,,,,,,,,,,,,,,,,,,,,53508,,,,FALSO ALQUILER
CAE500277,,9139KKY,,,,,,,,VWRENTING,1,RENTING,DEVUELTO,,2022-05-18,,1905-07-14,7,DIESEL,VOLKSWAGEN,T-ROC 2.0 TDI 150 CV,8001,FUCSA,DEFINIR,3,,,,,,,,,,,,,,,,,,,,,,,,,,,53508,,,,FALSO ALQUILER
CAE500278,,9161JYZ,,,,,,,,AYVENS,1,RENTING,DEVUELTO,,2022-06-09,,1905-07-14,7,DIESEL,OPEL,COMBO 1.3 CDTI 95 CV,1008,"VANAGUA, S.L.",350803,1,,,,,,,,,,,,,,,,,,,,,,,,,,,53508,,,,FALSO ALQUILER
CAE500279,,9288KMG,,,,,,,,AYVENS,4,PRE-ENTREGA,DEVUELTO,,2022-04-28,,1905-07-14,7,DIESEL,RENAULT,KANGOO,8001,FUCSA,DEFINIR,4,,,,,,,,,,,,,,,,,,,,,,,,,,,53508,,,,FALSO ALQUILER
CAE500280,,9309KSR,,,,,,,,VWRENTING,1,RENTING,DEVUELTO,,2022-01-04,,1905-07-14,7,DIESEL,AUDI,Q8 3.0 TDI QUATTRO 286 CV,8001,FUCSA,DEFINIR,5,,,,,,,,,,,,,,,,,,,,,,,,,,,53508,,,,FALSO ALQUILER
CAE500281,,9396KBG,,,,,,,,AYVENS,1,RENTING,DEVUELTO,,2022-07-12,,1905-07-14,7,DIESEL,OPEL,COMBO 1.3 CDTI 95 CV,1021,MEDICION AVANZADA CONTAD.,357107,19,,,,,,,,,,,,,,,,,,,,,,,,,,,53508,,,,FALSO ALQUILER
CAE500282,,9397KBG,,,,,,,,AYVENS,1,RENTING,DEVUELTO,,2022-07-12,,1905-07-14,7,DIESEL,OPEL,COMBO 1.3 CDTI 95 CV,1021,MEDICION AVANZADA CONTAD.,357706,20,,,,,,,,,,,,,,,,,,,,,,,,,,,53508,,,,FALSO ALQUILER
CAE500283,,9402KBG,,,,,,,,AYVENS,1,RENTING,DEVUELTO,,2022-07-12,,1905-07-14,7,DIESEL,OPEL,COMBO 1.3 CDTI 95 CV,1021,MEDICION AVANZADA CONTAD.,357107,21,,,,,,,,,,,,,,,,,,,,,,,,,,,53508,,,,FALSO ALQUILER
CAE500284,,9422KDL,,,,,,,,WASTERENT,3,ALQUILER,DEVUELTO,,2022-08-30,,1905-07-14,7,DIESEL,MERCEDES,RSU,1006,ARAGONESA SER.PUBLICOS SL,733627,12,,,,,,,,,,,,,,,,,,,,,,,,,,,53508,,,,FALSO ALQUILER
CAE500285,,9503KHD,,,,,,,,CEDIDO,6,"CEDIDO (por ayto, planta.",DEVUELTO,,2022-10-31,,1905-07-14,7,HÍBRIDO,TOYOTA,AURIS,1004,G.O.MEDIOAMBIENTE S.L.,10049636,32,,,,,,,,,,,,,,,,,,,,,,,,,,,53508,,,,FALSO ALQUILER
,,9538JVN,,,,,,,,AYVENS,1,RENTING,DEVUELTO,,2022-01-02,,1905-07-14,7,GLP,OPEL,CORSA 1.4 90 CV GLP 5P,8131,ECO GLOBAL WASTE SOLUTION,100012,1,,,,,,,,,,,,,,,,,,,,,,,,,,,53508,,,,FALSO ALQUILER
,,9627KCJ,,,,,,,,AYVENS,1,RENTING,DEVUELTO,,2022-08-29,,1905-07-14,7,DIESEL,JEEP,RENEGADE 2.0 140 CV,1203,"E.Mixta Metropolitana, SA",101244,9,,,,,,,,,,,,,,,,,,,,,,,,,,,53508,,,,FALSO ALQUILER
,,9659KJV,,,,,,,,ARVAL SERV,1,RENTING,DEVUELTO,,2022-04-22,,1905-07-14,7,HÍBRIDO,TOYOTA,YARIS 1.5 HYBRIC ACTIVE 100 CV,1004,G.O.MEDIOAMBIENTE S.L.,350476,33,,,,,,,,,,,,,,,,,,,,,,,,,,,53508,,,,FALSO ALQUILER
,,9659KMR,,,,,,,,AYVENS,1,RENTING,DEVUELTO,,2022-07-12,,1905-07-14,7,DIESEL,OPEL,GRANDLAND X 1.6 CDTI 120 CV,1001,AVSA,10019917,13,,,,,,,,,,,,,,,,,,,,,,,,,,,53508,,,,FALSO ALQUILER
,,9660KJV,,,,,,,,ARVAL SERV,1,RENTING,CANCELADO POR SINIESTRO,,2022-04-22,,1905-07-14,6,HÍBRIDO,TOYOTA,YARIS 1.5 HYBRIC ACTIVE 100 CV,1004,G.O.MEDIOAMBIENTE S.L.,350476,34,,,,,,,,,,,,,,,,,,,,,,,,,,,53508,,,,FALSO ALQUILER
,,9822KCJ,,,,,,,,AYVENS,1,RENTING,DEVUELTO,,2022-08-18,,1905-07-14,7,DIESEL,OPEL,COMBO 1.3 CDTI 95 CV KOMBI,1400,EGEVASA,358538,26,,,,,,,,,,,,,,,,,,,,,,,,,,,53508,,,,FALSO ALQUILER
,,9927KZM,,,,,,,,CEDIDO,6,"CEDIDO (por ayto, planta.",DEVUELTO,,2022-10-31,,1905-07-14,7,DIESEL,IVECO,CISTERNA MAGIRUS 8*8,1004,G.O.MEDIOAMBIENTE S.L.,10049636,35,,,,,,,,,,,,,,,,,,,,,,,,,,,53508,,,,FALSO ALQUILER
,,9982KNR,,,,,,,,AYVENS,1,RENTING,DEVUELTO,,2022-09-24,,1905-07-14,7,DIESEL,OPEL,CORSA 1.3 CDTI 75 CV 5P,1066,CANALIZ. CIVILES S.A.,10669102,49,,,,,,,,,,,,,,,,,,,,,,,,,,,53508,,,,FALSO ALQUILER
,,BAEL6390KXM,,,,,,,,OVERLEASE,3,ALQUILER,CANCELADO POR SINIESTRO,,2022-02-17,,1905-07-14,6,ELECTRICO,RENAULT,ZOE,1004,G.O.MEDIOAMBIENTE S.L.,724359,36,,,,,,,,,,,,,,,,,,,,,,,,,,,53508,,,,FALSO ALQUILER
,,FRAMONLO,,,,,,,,PROPIEDAD,5,PROPIEDAD,CANCELADO,,2022-02-07,,1905-07-14,4,DIESEL,TARJETA SOLRED,TARJETA SOLRED,1066,CANALIZ. CIVILES S.A.,356004,50,,,,,,,,,,,,,,,,,,,,,,,,,,,53508,,,,FALSO PROPIEDAD
,,R7772BDJ,,,,,,,,HIDRASOL,3,ALQUILER,DEVUELTO,,2022-09-30,,1905-07-14,7,DIESEL,HIDRASOL,PISO MOVIL RSU,1006,ARAGONESA SER.PUBLICOS SL,733618,13,,,,,,,,,,,,,,,,,,,,,,,,,,,53508,,,,FALSO ALQUILER
,,RAVALIAR,,,,,,,,PROPIEDAD,5,PROPIEDAD,CANCELADO,,2022-02-15,,1905-07-14,4,DIESEL,TARJETA SOLRED,TARJETA SOLRED,1066,CANALIZ. CIVILES S.A.,306050,51,,,,,,,,,,,,,,,,,,,,,,,,,,,53508,,,,FALSO PROPIEDAD
,,,,,,,,,,,,,,,,,,,,,,,,,,,,,,,,,,,,,,,,,,,,,,,,,,,,,1776157.100080001,,1489516.2144420003,
